,title,view,channel,uploadtime,length,link,subscriber,like,dislike,clean_text
0,Europe becomes new coronavirus epicenter,96000,CBS This Morning,8,164,https://www.youtube.com/watch?v=XlwCFTS3p8k,1240000,590,97,europe becomes new coronavirus epicenter
1,WATCH LIVE: Trump gives coronavirus update,203000,Washington Post,1,13300,https://www.youtube.com/watch?v=yH4cp4dssGw,1000000,2480,1008,watch live trump give coronavirus update
2,Infection Rate Charts Forecast Steep Rise In US Coronavirus Cases | Rachel Maddow | MSNBC,338000,MSNBC,15,348,https://www.youtube.com/watch?v=m2HgeK73ctU,2450000,3931,254,infection rate chart forecast steep rise u coronavirus case rachel maddow msnbc
3,Iran is building a massive grave for coronavirus victims,264000,Washington Post,22,223,https://www.youtube.com/watch?v=fjuWyXzKBIw,1000000,1768,335,iran building massive grave coronavirus victim
4,Trump declares national emergency to combat coronavirus,212000,CBS Evening News,22,223,https://www.youtube.com/watch?v=sdgdOFxJ5kU,697000,1089,556,trump declares national emergency combat coronavirus
5,Miami mayor who tested positive for coronavirus speaks on quarantine experience,114000,ABC News,18,327,https://www.youtube.com/watch?v=Lw1svqRG5bU,7920000,1119,77,miami mayor tested positive coronavirus speaks quarantine experience
6,Coronavirus: Europe at the epicentre of the pandemic - BBC News,1000000,BBC News,22,711,https://www.youtube.com/watch?v=IQdYDkwtvoo,6600000,7841,1052,coronavirus europe epicentre pandemic bbc news
7,Normal Life Comes To A Halt For Americans In Response To Coronavirus | TODAY,1100000,TODAY,24,829,https://www.youtube.com/watch?v=Qn0RfE4aruk,1790000,9480,1186,normal life come halt american response coronavirus today
8,"LIVE: Coronavirus death toll, infections and recoveries",397000,South China Morning Post,24,29000,https://www.youtube.com/watch?v=3NTREAc1jTo,942000,1890,199,live coronavirus death toll infection recovery
9,Rudy Gobert apologizes for exposing others to coronavirus | SportsCenter,477000,ESPN,24,253,https://www.youtube.com/watch?v=Q2dss9pGShU,6790000,4254,242,rudy gobert apologizes exposing others coronavirus sportscenter
10,What happens if the homeless population gets infected with coronavirus?,160000,Fox News,19,180,https://www.youtube.com/watch?v=h25aDe9Lvgs,4490000,4899,243,happens homeless population get infected coronavirus
11,Gov. DeWine says Ohio estimated to have over 100K cases of coronavirus,322000,Fox News,24,318,https://www.youtube.com/watch?v=HnjvX8oLBdo,4490000,2408,939,gov dewine say ohio estimated k case coronavirus
12,Nearly 200 people die in Italy in last 24 hours from coronavirus,869000,ABC News,24,254,https://www.youtube.com/watch?v=cZciLknWNsg,7920000,5238,547,nearly people die italy last hour coronavirus
13,Coronavirus outbreak: Ontario to close public schools; global markets continue tumble,122000,Global News,24,720,https://www.youtube.com/watch?v=oJbiJ80hsAo,1240000,744,87,coronavirus outbreak ontario close public school global market continue tumble
14,State of emergency declared in New York City over coronavirus,1700000,ABC News,24,388,https://www.youtube.com/watch?v=T6bjC8R2pUw,7920000,16109,1391,state emergency declared new york city coronavirus
15,Living with Coronavirus (COVID-19) Symptoms & Treatments,175000,Audioholics,24,796,https://www.youtube.com/watch?v=iQ9Su-TO3Sw,108000,4845,122,living coronavirus covid symptom treatment
16,Coronavirus expert says he has second thoughts about flying,780000,CNN,24,574,https://www.youtube.com/watch?v=63M9ZQd2B7M,8770000,7030,764,coronavirus expert say second thought flying
17,Top health official on US response to coronavirus pandemic,269000,ABC News,24,499,https://www.youtube.com/watch?v=9qZehXrLq6g,7920000,2033,237,top health official u response coronavirus pandemic
18,COVID-19: Tenth patient dies as UK coronavirus cases hit 590,305000,Sky News,48,333,https://www.youtube.com/watch?v=1xpEt20PPbQ,1890000,2334,206,covid tenth patient dy uk coronavirus case hit
19,Watch live: Trump addresses the country over coronavirus response,286000,CBS News,48,871,https://www.youtube.com/watch?v=pdO2HEtv92c,2400000,2402,862,watch live trump address country coronavirus response
20,Watch President Donald Trump's address to the nation on coronavirus pandemic,195000,CNBC Television,48,585,https://www.youtube.com/watch?v=xrPZBTNjX_o,447000,1830,574,watch president donald trump address nation coronavirus pandemic
21,Biden delivers speech on coronavirus as global pandemic reshapes 2020 race,80000,Washington Post,48,3641,https://www.youtube.com/watch?v=gWYmE97K2XA,1000000,1235,730,biden delivers speech coronavirus global pandemic reshapes race
22,"Coronavirus Pandemic Update 36: Flatten The COVID-19 Curve, Social Distancing, Hospital Capacities",289000,MedCram - Medical Lectures Explained CLEARLY,24,639,https://www.youtube.com/watch?v=vww1nIIoqmw,600000,7378,126,coronavirus pandemic update flatten covid curve social distancing hospital capacity
23,UK moves from contain to delay in battle against coronavirus,321000,Channel 4 News,48,1428,https://www.youtube.com/watch?v=HZqnccEI9oc,1170000,1664,313,uk move contain delay battle coronavirus
24,NBA suspends season due to coronavirus | SportsCenter,600000,ESPN,48,292,https://www.youtube.com/watch?v=zNWBz4GCiUo,6790000,6670,238,nba suspends season due coronavirus sportscenter
25,FULL SPEECH: President Trump address the nation on coronavirus (9 minutes),317000,WPTV News | West Palm Beach Florida,48,571,https://www.youtube.com/watch?v=mii6NydPiqI,136000,2636,716,full speech president trump address nation coronavirus minute
26,Trump Addresses the Nation on the Coronavirus Pandemic: A Closer Look,2700000,Late Night with Seth Meyers,24,996,https://www.youtube.com/watch?v=-SoZcjMWxm8,3500000,64567,1755,trump address nation coronavirus pandemic closer look
27,ER Doctor Explains What To Do If You Start Showing Coronavirus Symptoms | All In | MSNBC,251000,MSNBC,24,301,https://www.youtube.com/watch?v=unN8leCvHyM,2450000,1982,265,er doctor explains start showing coronavirus symptom msnbc
28,Coronavirus outbreak: B.C. health officials confirm 11 new cases of COVID-19,91000,Global News,22,3157,https://www.youtube.com/watch?v=gRepo3drX1k,1240000,553,136,coronavirus outbreak bc health official confirm new case covid
29,‘I’m surprised we’re not moving sooner’ on coronavirus - Former UK Health Secretary Jeremy Hunt,699000,Channel 4 News,48,640,https://www.youtube.com/watch?v=3rmMh2pLKAc,1170000,6250,554,im surprised moving sooner coronavirus former uk health secretary jeremy hunt
30,Congress And Trump Admin. Scramble For Coronavirus Aid Deal As Pandemic Causes Panic | Nightly News,407000,NBC News,24,658,https://www.youtube.com/watch?v=X7ERdQYlq8I,2009999,2838,289,congress trump admin scramble coronavirus aid deal pandemic cause panic nightly news
31,Coronavirus: What Powers The Government Can Use To Stop The Spread | NBC Nightly News,76000,NBC News,21,150,https://www.youtube.com/watch?v=xlETzwjUkAs,2009999,316,194,coronavirus power government use stop spread nbc nightly news
32,WATCH: President Duterte addresses the nation on coronavirus actions | ABS-CBN News,1000000,ABS-CBN News,48,2952,https://www.youtube.com/watch?v=Gj_K7vy1qNg,8560000,10727,725,watch president duterte address nation coronavirus action abscbn news
33,Coronavirus: Can herd immunity protect the population? - BBC Newsnight,104000,BBC Newsnight,24,387,https://www.youtube.com/watch?v=blkDulsgh3Q,521000,889,213,coronavirus herd immunity protect population bbc newsnight
34,Symptoms of Coronavirus Disease 2019,265000,Centers for Disease Control and Prevention (CDC),72,27,https://www.youtube.com/watch?v=oGruT7Fd54E,261000,2768,221,symptom coronavirus disease
35,"Trump says he will ""most likely"" get tested for coronavirus",73000,CBS News,23,64,https://www.youtube.com/watch?v=VNDTOtyPfDA,2400000,438,170,trump say likely get tested coronavirus
36,Meanwhile... France Claims Cocaine Will Not Protect You From The Coronavirus,1500000,The Late Show with Stephen Colbert,48,329,https://www.youtube.com/watch?v=wE442HjJGRo,7260000,24404,1416,meanwhile france claim cocaine protect coronavirus
37,Mike Breen Announces the NBA Suspended the Season Because of the Coronavirus,154000,Bleacher Report,48,43,https://www.youtube.com/watch?v=Z9IfFHlTX-k,1730000,2063,49,mike breen announces nba suspended season coronavirus
38,Coronavirus: Drastic measures in US & Europe as cases soar - BBC News,947000,BBC News,24,1872,https://www.youtube.com/watch?v=M53iJduvDSA,6600000,7032,654,coronavirus drastic measure u europe case soar bbc news
39,Adrian Wojnarowski on Donovan Mitchell & Rudy Gobert testing positive for coronavirus | First Take,324000,ESPN,48,340,https://www.youtube.com/watch?v=VoVSGMrquaE,6790000,3567,136,adrian wojnarowski donovan mitchell rudy gobert testing positive coronavirus first take
40,The Virus: latest updates on coronavirus | ABC News,499000,ABC News (Australia),24,923,https://www.youtube.com/watch?v=Dsgsj_E8tl4,931000,3494,527,virus latest update coronavirus abc news
41,Dr. Sanjay Gupta Joins the Show To Discuss the Coronavirus | NBA on TNT,239000,NBA on TNT,24,802,https://www.youtube.com/watch?v=aYyqj7Lit8M,985000,3100,157,dr sanjay gupta join show discus coronavirus nba tnt
42,How is the coronavirus impacting the NFL? | First Take,163000,ESPN,48,360,https://www.youtube.com/watch?v=c_hoM2ecEsk,6790000,1502,69,coronavirus impacting nfl first take
43,Coronavirus: Johnson warns 'many more families are going to lose loved ones',296000,Guardian News,48,106,https://www.youtube.com/watch?v=PA-MsoqRY5k,856000,875,699,coronavirus johnson warns many family going lose loved one
44,Metro Manila to be placed on lockdown due to coronavirus outbreak,473000,Rappler,48,218,https://www.youtube.com/watch?v=buS1sRfJfTw,564000,2752,426,metro manila placed lockdown due coronavirus outbreak
45,Nicola Sturgeon Says Coronavirus Spread is Inevitable | Good Morning Britain,53000,Good Morning Britain,48,506,https://www.youtube.com/watch?v=LIovPxislWk,613000,344,280,nicola sturgeon say coronavirus spread inevitable good morning britain
46,Mark Cuban Reacts To NBA Suspending Season Indefinitely Because Of Coronavirus,741000,Bleacher Report,48,204,https://www.youtube.com/watch?v=HxaPga-WD1U,1730000,5522,170,mark cuban reacts nba suspending season indefinitely coronavirus
47,Former Vice President Joe Biden lays out plan to combat coronavirus | ABC News,67000,ABC News,48,241,https://www.youtube.com/watch?v=4I1vXnbV9GE,7920000,847,1492,former vice president joe biden lay plan combat coronavirus abc news
48,Bill de Blasio - Confronting the Coronavirus Outbreak in New York City | The Daily Show,1000000,The Daily Show with Trevor Noah,48,928,https://www.youtube.com/watch?v=aM2DZjsgAlA,6610000,15716,2438,bill de blasio confronting coronavirus outbreak new york city daily show
49,"Coronavirus Pandemic Update 35: New Outbreaks & Travel Restrictions, Possible COVID-19 Treatments",459000,MedCram - Medical Lectures Explained CLEARLY,48,627,https://www.youtube.com/watch?v=vE4_LsftNKM,600000,8486,175,coronavirus pandemic update new outbreak travel restriction possible covid treatment
50,"Asians facing discrimination, violence amid coronavirus outbreak",308000,ABC News,24,481,https://www.youtube.com/watch?v=ljIuWWLHNlA,7920000,3909,768,asian facing discrimination violence amid coronavirus outbreak
51,Trump 'Not Concerned' About Contact With Brazilian Aide Exposed to Coronavirus,202000,QuickTake by Bloomberg,48,70,https://www.youtube.com/watch?v=u1Dzg-jVxFE,179000,902,525,trump concerned contact brazilian aide exposed coronavirus
52,Mark Cuban reacts to NBA suspending season due to coronavirus | NBA on ESPN,314000,ESPN,48,197,https://www.youtube.com/watch?v=b2-wU42KJ0c,6790000,3029,80,mark cuban reacts nba suspending season due coronavirus nba espn
53,Americans Try To Leave Spain Before Coronavirus Ban: 'I Just Hope To Be Able To Get Home' | NBC News,106000,NBC News,48,106,https://www.youtube.com/watch?v=gQMbyvIXYQk,2009999,557,118,american try leave spain coronavirus ban hope able get home nbc news
54,Trump declares 'national emergency' for coronavirus,1400000,CNN,22,640,https://www.youtube.com/watch?v=OtAQJjN1kcg,8770000,8801,2984,trump declares national emergency coronavirus
55,"Coronavirus around the world: March 12, 2020",338000,Global News,48,206,https://www.youtube.com/watch?v=cAJppuDz-Mg,1240000,1627,138,coronavirus around world march
56,Italy Under Lockdown As Coronavirus Death Toll Jumps Dramatically | TODAY,447000,TODAY,48,118,https://www.youtube.com/watch?v=AqAImF_mJtY,1790000,1798,145,italy lockdown coronavirus death toll jump dramatically today
57,Trump Addresses The Nation On Coronavirus From Oval Office | NBC News (Live Stream Recording),1000000,NBC News,48,1045,https://www.youtube.com/watch?v=I09RkjLcFpU,2009999,6610,2720,trump address nation coronavirus oval office nbc news live stream recording
58,"Trump’s Coronavirus Address, Blooper Reel Included | The Daily Show",3000000,The Daily Show with Trevor Noah,24,563,https://www.youtube.com/watch?v=BWO6i8cH8SA,6610000,66634,2634,trump coronavirus address blooper reel included daily show
59,BREAKING: NCAA Tournament games to be held without fans due to coronavirus | CBS Sports HQ,92000,CBS Sports,48,1821,https://www.youtube.com/watch?v=EpRcCEWUFus,242000,545,189,breaking ncaa tournament game held without fan due coronavirus cbs sport hq
60,Joe Biden Gives Speech On Coronavirus Pandemic | NBC News (Live Stream Recording),347000,NBC News,48,1135,https://www.youtube.com/watch?v=kMxokey64pU,2009999,4260,1966,joe biden give speech coronavirus pandemic nbc news live stream recording
61,"Coronavirus State of Emergencies, Cheap Flights and Cancellations",417000,The Tonight Show Starring Jimmy Fallon,48,421,https://www.youtube.com/watch?v=_UiQf2fj5d8,24200000,6133,302,coronavirus state emergency cheap flight cancellation
62,Tom Hanks and Rita Wilson test positive for coronavirus,554000,CNN,48,529,https://www.youtube.com/watch?v=Wbk8ZrfU3EM,8770000,5454,1119,tom hank rita wilson test positive coronavirus
63,Coronavirus Test Shortage Raises Alarm As Washington State Bans Mass Gatherings | NBC Nightly News,358000,NBC News,48,860,https://www.youtube.com/watch?v=JLZjUz9ZTn0,2009999,2330,181,coronavirus test shortage raise alarm washington state ban mass gathering nbc nightly news
64,Trump to declare National Emergency amid coronavirus pandemic,778000,Fox News,24,199,https://www.youtube.com/watch?v=ob5_NvJz1io,4490000,7127,869,trump declare national emergency amid coronavirus pandemic
65,Anthony Fauci says novel coronavirus '10 times deadlier than the flu',529000,ABC News,48,256,https://www.youtube.com/watch?v=dM74KiaksgM,7920000,3997,488,anthony fauci say novel coronavirus time deadlier flu
66,Coronavirus special: Are we doing enough?,492000,Channel 4 News,23,2714,https://www.youtube.com/watch?v=C98FmoZVbjs,1170000,4163,505,coronavirus special enough
67,First Take reacts to Donovan Mitchell testing positive for coronavirus,2300000,ESPN,48,331,https://www.youtube.com/watch?v=33A8lbmSdPY,6790000,25822,1800,first take reacts donovan mitchell testing positive coronavirus
68,Trump suspends travel from Europe to battle coronavirus,568000,Los Angeles Times,48,581,https://www.youtube.com/watch?v=KYVy_0yUSXM,276000,7951,1417,trump suspends travel europe battle coronavirus
69,W.H.O declares coronavirus 'pandemic' - as UK sees highest daily rise in cases,816000,Channel 4 News,72,835,https://www.youtube.com/watch?v=vFaC8hKovlQ,1170000,6228,737,declares coronavirus pandemic uk see highest daily rise case
70,President Trump addresses the nation on the coronavirus outbreak in the United States,399000,ABC News,48,3633,https://www.youtube.com/watch?v=alMlYN0fK7s,7920000,2603,699,president trump address nation coronavirus outbreak united state
71,Coronavirus: PM says 'many more families will lose loved ones',440000,Sky News,48,469,https://www.youtube.com/watch?v=THsGJuQRHYg,1890000,2920,1666,coronavirus pm say many family lose loved one
72,Coronavirus: Should the UK quarantine like Italy? - BBC,486000,BBC,72,420,https://www.youtube.com/watch?v=_zlwWDS-DCs,8170000,4187,413,coronavirus uk quarantine like italy bbc
73,"Tom Hanks, Rita Wilson Test Positive For Coronavirus | Rachel Maddow | MSNBC",320000,MSNBC,48,71,https://www.youtube.com/watch?v=CCjBSvrT-SU,2450000,2641,348,tom hank rita wilson test positive coronavirus rachel maddow msnbc
74,What we can learn from Italy's response to coronavirus -- Italian ambassador to UK,222000,Channel 4 News,72,818,https://www.youtube.com/watch?v=rrsu5OVlGvg,1170000,1574,162,learn italy response coronavirus italian ambassador uk
75,BREAKING: NBA suspends season after Rudy Gobert tests positive for coronavirus | CBS Sports HQ,439000,CBS Sports,48,484,https://www.youtube.com/watch?v=WfOuA-Rq_4Y,242000,3199,208,breaking nba suspends season rudy gobert test positive coronavirus cbs sport hq
76,Coronavirus: What is a pandemic and why use the term now?  - BBC News,394000,BBC News,48,465,https://www.youtube.com/watch?v=mmSJQul260g,6600000,3187,209,coronavirus pandemic use term bbc news
77,Coronavirus: UK Parliament to stay open as ministers self-isolate – BBC News,242000,BBC News,48,589,https://www.youtube.com/watch?v=tRuOI5wyI_c,6600000,2002,115,coronavirus uk parliament stay open minister selfisolate bbc news
78,Coronavirus Spread Threatens To Overwhelm US Hospital Capacity | Rachel Maddow | MSNBC,156000,MSNBC,48,268,https://www.youtube.com/watch?v=KCOMwE92kHQ,2450000,1577,89,coronavirus spread threatens overwhelm u hospital capacity rachel maddow msnbc
79,Tracing The Origin Of The Coronavirus | NBC News NOW,459000,NBC News,48,328,https://www.youtube.com/watch?v=mNB8zN5CQGc,2009999,3503,373,tracing origin coronavirus nbc news
80,Coronavirus Disrupts Daily Life As Trump Fails To Calm A Nation On Edge | The 11th Hour | MSNBC,386000,MSNBC,24,380,https://www.youtube.com/watch?v=i0K4PIVe92I,2450000,4170,425,coronavirus disrupts daily life trump fails calm nation edge th hour msnbc
81,Chris Hayes On How The U.S. Is On Italy's Coronavirus Trajectory | All In | MSNBC,337000,MSNBC,48,394,https://www.youtube.com/watch?v=_-VxuZmEhV0,2450000,4626,255,chris hayes u italy coronavirus trajectory msnbc
82,House passes sweeping coronavirus relief bill,125000,CBS This Morning,8,183,https://www.youtube.com/watch?v=6HbDiN0-6Bk,1240000,780,302,house pass sweeping coronavirus relief bill
83,Cancellations escalate across the U.S. to stem spread of coronavirus,15000,CBS Evening News,24,188,https://www.youtube.com/watch?v=gYDkv6CYpqc,697000,91,29,cancellation escalate across u stem spread coronavirus
84,South Korea Sees Decline In Coronavirus Cases After Mass Testing | NBC News NOW,240000,NBC News,72,242,https://www.youtube.com/watch?v=1T0rVrC73Bs,2009999,4598,106,south korea see decline coronavirus case mass testing nbc news
85,Biden Lays Out His Plan For Coronavirus  | NBC News NOW,37000,NBC News,24,656,https://www.youtube.com/watch?v=mhp-px3tv6E,2009999,177,357,biden lay plan coronavirus nbc news
86,Trump Contradicts Experts as Coronavirus Is Declared a Pandemic: A Closer Look,2500000,Late Night with Seth Meyers,48,944,https://www.youtube.com/watch?v=7rMEA6KN_RU,3500000,37416,1847,trump contradicts expert coronavirus declared pandemic closer look
87,Treasury likely to push back tax deadline due to coronavirus,222000,CBS News,72,185,https://www.youtube.com/watch?v=0d0AziuNgi8,2400000,1111,241,treasury likely push back tax deadline due coronavirus
88,Trump: Coronavirus is a world problem and we need separation,389000,Fox News,48,1534,https://www.youtube.com/watch?v=O8qC6YLsg7g,4490000,7244,423,trump coronavirus world problem need separation
89,Trump declares a national emergency over coronavirus,348000,CBS News,24,584,https://www.youtube.com/watch?v=JHW_Gqj1X9U,2400000,1900,416,trump declares national emergency coronavirus
90,Conan Shares Coronavirus Tips With His Staff - CONAN on TBS,2700000,Team Coco,72,416,https://www.youtube.com/watch?v=JJIsmDhzoD0,7760000,72335,3300,conan share coronavirus tip staff conan tb
91,"ABC News Prime: Coronavirus, Italy Lockdown, Iraq",231000,ABC News,24,3691,https://www.youtube.com/watch?v=NF7owuYjnWA,7920000,1321,225,abc news prime coronavirus italy lockdown iraq
92,Mark Cuban on coronavirus: This is much bigger than basketball | NBA on ESPN,416000,ESPN,48,383,https://www.youtube.com/watch?v=vUB5DST4z-E,6790000,5101,141,mark cuban coronavirus much bigger basketball nba espn
93,Hannity: Major businesses working with Trump on coronavirus,491000,Fox News,19,969,https://www.youtube.com/watch?v=DLJwn3CXWa4,4490000,11778,902,hannity major business working trump coronavirus
94,"MLB expected to suspend operations in response to spread of coronavirus, reports say | CBS Sports HQ",25000,CBS Sports,48,503,https://www.youtube.com/watch?v=7--SN2tWkTU,242000,143,28,mlb expected suspend operation response spread coronavirus report say cbs sport hq
95,When you think you have Coronavirus,772000,loveliveserve,20,561,https://www.youtube.com/watch?v=Lu0Tr4Sheh8,6180000,80673,914,think coronavirus
96,CA Gov. Newsom provides updates on coronavirus,54000,KTLA 5,48,4065,https://www.youtube.com/watch?v=MBRmQB5bPZI,160000,321,76,ca gov newsom provides update coronavirus
97,Watch live: World Health Organization gives coronavirus update,128000,CBS News,72,2013,https://www.youtube.com/watch?v=oQWRNrV3L-w,2400000,726,123,watch live world health organization give coronavirus update
98,What is the level of concern with coronavirus around the NBA? | Get Up,174000,ESPN,48,429,https://www.youtube.com/watch?v=3Jpwq7SpQxI,6790000,1323,57,level concern coronavirus around nba get
99,Wuhan closes last makeshift coronavirus hospital as China's infection rate falls,134000,Guardian News,96,34,https://www.youtube.com/watch?v=YJIjgssPWzc,856000,664,152,wuhan close last makeshift coronavirus hospital china infection rate fall
100,Effects of Coronavirus Panic Reach Far and Wide,694000,Inside Edition,21,187,https://www.youtube.com/watch?v=9pAcWPZRVSo,7250000,14527,472,effect coronavirus panic reach far wide
101,Coronavirus Pandemic: Everything That Happened Today in The Fight Against COVID-19 | NBC New York,79000,NBC New York,24,785,https://www.youtube.com/watch?v=1DCeUx4x9yw,109000,344,24,coronavirus pandemic everything happened today fight covid nbc new york
102,U.S. Unprepared For Expected Explosion In Coronavirus Cases | Rachel Maddow | MSNBC,396000,MSNBC,48,486,https://www.youtube.com/watch?v=xOQt5u1RsCg,2450000,5871,448,u unprepared expected explosion coronavirus case rachel maddow msnbc
103,Infectious Disease Expert: Half Of America Is Likely To Catch Coronavirus | The 11th Hour | MSNBC,415000,MSNBC,48,200,https://www.youtube.com/watch?v=7ajACc7ul4k,2450000,2490,432,infectious disease expert half america likely catch coronavirus th hour msnbc
104,Italy on lockdown over coronavirus l ABC News,485000,ABC News,48,379,https://www.youtube.com/watch?v=l5twUq9iPSE,7920000,2938,229,italy lockdown coronavirus l abc news
105,Novel Coronavirus explained l ABC News,435000,ABC News,96,166,https://www.youtube.com/watch?v=CXOsVXybVJY,7920000,2857,361,novel coronavirus explained l abc news
106,"Coronavirus Epidemic Update 33: COVID-19 Medication Treatment Trials, Global Testing Remains Limited",419000,MedCram - Medical Lectures Explained CLEARLY,120,490,https://www.youtube.com/watch?v=Mm7UrZeu-74,600000,8891,198,coronavirus epidemic update covid medication treatment trial global testing remains limited
107,The Jazz are waiting for coronavirus test results before they can leave OKC | Get Up,106000,ESPN,48,367,https://www.youtube.com/watch?v=OR74I-NKvpQ,6790000,1101,26,jazz waiting coronavirus test result leave okc get
108,Coronavirus outbreak: How many people can possibly get COVID-19?,76000,Global News,72,166,https://www.youtube.com/watch?v=J-Z8f0xoirc,1240000,643,46,coronavirus outbreak many people possibly get covid
109,President Trump not taking responsibility for coronavirus testing issues,1200000,ABC News,21,186,https://www.youtube.com/watch?v=pDwBxGOb1Zs,7920000,6758,8139,president trump taking responsibility coronavirus testing issue
110,Experts Hope Herd Immunity ‘Flattens’ The Coronavirus Curve | NBC News NOW,262000,NBC News,48,915,https://www.youtube.com/watch?v=f2aDEPZbLEI,2009999,1783,219,expert hope herd immunity flattens coronavirus curve nbc news
111,"Trump's coronavirus news conference, in 3 minutes",550000,Washington Post,23,194,https://www.youtube.com/watch?v=StLcOSSXDQw,1000000,3185,910,trump coronavirus news conference minute
112,Coronavirus Explained: What does pandemic declaration mean for the world?,167000,Channel 4 News,72,404,https://www.youtube.com/watch?v=XJV3X8zM1bU,1170000,1724,152,coronavirus explained pandemic declaration mean world
113,"Coronavirus Impacts Tom Hanks, the NBA and Monkeys in Thailand | The Daily Show",1700000,The Daily Show with Trevor Noah,24,384,https://www.youtube.com/watch?v=4IlwdyacDZg,6610000,36421,990,coronavirus impact tom hank nba monkey thailand daily show
114,Coronavirus: Italy in lockdown - BBC News,1000000,BBC News,72,1100,https://www.youtube.com/watch?v=_69sOxWU0jo,6600000,6920,493,coronavirus italy lockdown bbc news
115,The 5 Stages of Coronavirus,2000000,Jimmy Kimmel Live,48,697,https://www.youtube.com/watch?v=mD97kJVCOXM,16399999,31326,1862,stage coronavirus
116,What China's Pollution Says About Coronavirus and the Economy | WSJ,422000,Wall Street Journal,72,271,https://www.youtube.com/watch?v=cHSftdHskxs,2029999,7072,293,china pollution say coronavirus economy wsj
117,Coronavirus: Virus cases rise rapidly in Europe and US - BBC News,1200000,BBC News,72,510,https://www.youtube.com/watch?v=DoHOYCbmJoE,6600000,8627,744,coronavirus virus case rise rapidly europe u bbc news
118,Trump declares National Emergency over coronavirus,1700000,Fox News,24,4357,https://www.youtube.com/watch?v=G6HbxcCb-7g,4490000,21071,1524,trump declares national emergency coronavirus
119,"Prime Time With Ravish Kumar, March 12, 2020 | Will Coronavirus Cause A Global Economic Meltdown?",497000,NDTV,48,1828,https://www.youtube.com/watch?v=aZybr-LumYs,7100000,19119,772,prime time ravish kumar march coronavirus cause global economic meltdown
120,Coronavirus: Cruise ship Grand Princess docks in California - BBC News,315000,BBC News,72,1060,https://www.youtube.com/watch?v=7S-1QRRWj10,6600000,2137,306,coronavirus cruise ship grand princess dock california bbc news
121,"Global National: March 11, 2020 | WHO declares coronavirus a global pandemic",229000,Global News,48,1335,https://www.youtube.com/watch?v=XcARC2mrmcQ,1240000,1104,121,global national march declares coronavirus global pandemic
122,Merkel: Most people in Germany likely to contract Coronavirus | DW News,279000,DW News,72,942,https://www.youtube.com/watch?v=6CGi41nB3tA,1080000,3079,222,merkel people germany likely contract coronavirus dw news
123,Vice President Mike Pence: There Will Be ‘Thousands More Cases’ Of Coronavirus In US | TODAY,137000,TODAY,48,545,https://www.youtube.com/watch?v=Zk4L0kXL0tE,1790000,972,315,vice president mike penny thousand case coronavirus u today
124,"Trump Hasn't Been Tested For Coronavirus Despite Possible Exposure, And Refuses To Take Precautio…",2300000,The Late Show with Stephen Colbert,72,730,https://www.youtube.com/watch?v=YgkNuoozmis,7260000,33840,1355,trump hasnt tested coronavirus despite possible exposure refuse take precautio
125,Coronavirus: Out of control? | To the point,71000,DW News,48,1566,https://www.youtube.com/watch?v=CGgEz4t1BjY,1080000,969,161,coronavirus control point
126,"Coronavirus: Virologist, Doctor and Intensive Care Consultant Discuss Latest | This Morning",209000,This Morning,48,877,https://www.youtube.com/watch?v=hiXFeFMiAJc,1660000,1584,194,coronavirus virologist doctor intensive care consultant discus latest morning
127,Novel coronavirus (2019-nCoV),2700000,World Health Organization (WHO),720,289,https://www.youtube.com/watch?v=mOV1aBVYKGA,207000,12768,681,novel coronavirus ncov
128,"Dr. Oz Shows Jimmy Surgical Handwashing Tips, Ways to Slow Coronavirus Transmission",166000,The Tonight Show Starring Jimmy Fallon,24,281,https://www.youtube.com/watch?v=ggHtoeQrGxQ,24200000,5399,169,dr oz show jimmy surgical handwashing tip way slow coronavirus transmission
129,Can the US health care system handle the coronavirus pandemic? l GMA,2100,Good Morning America,48,250,https://www.youtube.com/watch?v=tWPruAMraIg,1500000,28,1,u health care system handle coronavirus pandemic l gma
130,Coronavirus outbreak: U.S. task force update on COVID-19 outbreak | FULL,152000,Global News,72,2604,https://www.youtube.com/watch?v=9k55xdwKJTw,1240000,984,316,coronavirus outbreak u task force update covid outbreak full
131,Coronavirus Enters Devastating New Phase | Morning Joe | MSNBC,755000,MSNBC,48,282,https://www.youtube.com/watch?v=vzOLgfU9ypQ,2450000,4985,1730,coronavirus enters devastating new phase morning joe msnbc
132,Call Center Workers Get Coronavirus Infection in South Korea,46000,QuickTake by Bloomberg,72,75,https://www.youtube.com/watch?v=ts_Nnz4Z_Fc,179000,182,51,call center worker get coronavirus infection south korea
133,Iran Played Down the Coronavirus. Then Its Officials Got Sick | NYT News,487000,The New York Times,96,247,https://www.youtube.com/watch?v=lm2UFynetJw,2550000,6835,378,iran played coronavirus official got sick nyt news
134,Coronavirus will not be the last global pandemic,210000,Fox News,24,357,https://www.youtube.com/watch?v=gsp691RCGRU,4490000,7357,651,coronavirus last global pandemic
135,What happens when you're infected with the COVID-19 coronavirus? | DW News,85000,DW News,96,127,https://www.youtube.com/watch?v=6kTOdPe2J3Q,1080000,992,82,happens youre infected covid coronavirus dw news
136,Let's talk about Coronavirus,2600000,Markiplier,24,430,https://www.youtube.com/watch?v=VwsGzkLu-j0,25100000,305188,5135,let talk coronavirus
137,"Top 5 Celebrities With Corona Virus | Tom Hanks, Donovn Mitchell & more.",94000,Before They Were Famous,22,601,https://www.youtube.com/watch?v=0PBL1KM7By4,3210000,2812,405,top celebrity corona virus tom hank donovn mitchell
138,Coronavirus Misinformation & Toilet Paper Panic | The Daily Show,2400000,The Daily Show with Trevor Noah,48,372,https://www.youtube.com/watch?v=Ls0ZormAOhU,6610000,54432,1262,coronavirus misinformation toilet paper panic daily show
139,Coronavirus Is Our Future | Alanna Shaikh | TEDxSMU,3200000,TEDx Talks,72,1006,https://www.youtube.com/watch?v=Fqw-9yMV0sI,23600000,97891,6198,coronavirus future alanna shaikh tedxsmu
140,Coronavirus: What is a pandemic and how will things change?,17000,Al Jazeera English,48,136,https://www.youtube.com/watch?v=I7GEcelXicA,4720000,119,9,coronavirus pandemic thing change
141,"Tom Hanks, Rita Wilson test positive for coronavirus",430000,Fox News,48,187,https://www.youtube.com/watch?v=XKQhhpc1VFQ,4490000,5455,368,tom hank rita wilson test positive coronavirus
142,Major lockdown in Italy from coronavirus,315000,ABC News,120,120,https://www.youtube.com/watch?v=TlP6Tlj04T4,7920000,2128,229,major lockdown italy coronavirus
143,CORONAVIRUS PANDEMIC EXPLAINED - CORONA OUTBREAK 2020,637000,MEDSimplified,168,607,https://www.youtube.com/watch?v=sWjYs7aILZ8,274000,9275,556,coronavirus pandemic explained corona outbreak
144,Trump Faces Huge Leadership Crisis Over Coronavirus And The Economy | The 11th Hour | MSNBC,579000,MSNBC,96,369,https://www.youtube.com/watch?v=KK6lWBqvayk,2450000,6390,399,trump face huge leadership crisis coronavirus economy th hour msnbc
145,Coronavirus outbreak: U.S. House Homeland Subcommittee hearing on federal response | FULL,137000,Global News,72,9278,https://www.youtube.com/watch?v=HcPAfj38gk4,1240000,1004,236,coronavirus outbreak u house homeland subcommittee hearing federal response full
146,Coronavirus Patient Under Quarantine Speaks Out On 3rd Hour | TODAY,134000,TODAY,96,300,https://www.youtube.com/watch?v=U9LpZNFItlc,1790000,683,61,coronavirus patient quarantine speaks rd hour today
147,Coronavirus controversy: Chinese official suggests US is responsible,355000,Fox News,18,164,https://www.youtube.com/watch?v=hZftihVyq9E,4490000,2871,855,coronavirus controversy chinese official suggests u responsible
148,New York orders nation's first coronavirus containment zone l ABC News,236000,ABC News,72,317,https://www.youtube.com/watch?v=ENNNe4gYhDY,7920000,2048,263,new york order nation first coronavirus containment zone l abc news
149,National Guard Deployed To Help Contain Coronavirus In NYC Suburb | TODAY,284000,TODAY,72,601,https://www.youtube.com/watch?v=XjYOAt4PX-w,1790000,1635,184,national guard deployed help contain coronavirus nyc suburb today
150,Italy on nationwide lockdown as coronavirus cases surge,320000,CBS News,96,365,https://www.youtube.com/watch?v=0Urov6W7h00,2400000,1890,283,italy nationwide lockdown coronavirus case surge
151,How Coronavirus Kills: Acute Respiratory Distress Syndrome (ARDS) & Treatment,2400000,MedCram - Medical Lectures Explained CLEARLY,720,665,https://www.youtube.com/watch?v=okg7uq_HrhQ,600000,40028,1221,coronavirus kill acute respiratory distress syndrome ards treatment
152,Coronavirus | Before It Was Famous,91000,Before They Were Famous,24,605,https://www.youtube.com/watch?v=y-IjU8E6RTo,3210000,5146,242,coronavirus famous
153,Donald Trump Terrified of Getting Coronavirus,2400000,Jimmy Kimmel Live,96,565,https://www.youtube.com/watch?v=7ictWi987oo,16399999,31769,3041,donald trump terrified getting coronavirus
154,Daily Life Is Changing For Millions Of Americans As Coronavirus Crisis Grows,2700000,The Late Show with Stephen Colbert,48,700,https://www.youtube.com/watch?v=lk0sQEhrY5U,7260000,38841,1317,daily life changing million american coronavirus crisis grows
155,Trump Walks Away While Asked If He Has Been Tested For Coronavirus | NBC News NOW,209000,NBC News,96,132,https://www.youtube.com/watch?v=Ynq25fku2oE,2009999,1654,308,trump walk away asked tested coronavirus nbc news
156,Coronavirus in Hindi | Coronavirus Latest Update | Coronavirus Symptoms in Humans | Corona-Virus,858000,Magnet Brains,336,991,https://www.youtube.com/watch?v=ECXJoqSvIys,145000,17581,1083,coronavirus hindi coronavirus latest update coronavirus symptom human coronavirus
157,Coronavirus: Italy extends emergency measures nationwide - BBC News,556000,BBC News,96,1364,https://www.youtube.com/watch?v=WnDSEDkVe8Y,6600000,3828,558,coronavirus italy extends emergency measure nationwide bbc news
158,Coronavirus: what we know so far about the outbreak spreading in China and abroad,2800000,South China Morning Post,720,327,https://www.youtube.com/watch?v=Zru5REL9ANg,942000,16825,1321,coronavirus know far outbreak spreading china abroad
159,"Stopping the coronavirus from spreading will include a recession, Jim Cramer says",126000,CNBC Television,48,803,https://www.youtube.com/watch?v=7eRD3gQ93z4,447000,1205,197,stopping coronavirus spreading include recession jim cramer say
160,CNN polled Americans about coronavirus. Here's what they said,515000,CNN,120,207,https://www.youtube.com/watch?v=4Vsjtvm4cyA,8770000,4162,922,cnn polled american coronavirus here said
161,"Coronavirus Epidemic Update 34: US Cases Surge, Chloroquine & Zinc Treatment Combo, Italy Lockdown",675000,MedCram - Medical Lectures Explained CLEARLY,96,1049,https://www.youtube.com/watch?v=U7F1cnWup9M,600000,14254,290,coronavirus epidemic update u case surge chloroquine zinc treatment combo italy lockdown
162,Fast moving developments in the coronavirus outbreak,729000,ABC News,120,285,https://www.youtube.com/watch?v=ya3Pqasvyno,7920000,6194,974,fast moving development coronavirus outbreak
163,Coronavirus explained,339000,CNET,336,363,https://www.youtube.com/watch?v=hZDX08RcPmg,2540000,4022,387,coronavirus explained
164,Coronavirus: Busting The Myths | This Morning,180000,This Morning,96,443,https://www.youtube.com/watch?v=VRlO-LwKJVA,1660000,1990,181,coronavirus busting myth morning
165,Markets Plunge as Trump Lies About Coronavirus Response: A Closer Look,2900000,Late Night with Seth Meyers,96,884,https://www.youtube.com/watch?v=1b_QS4e31c8,3500000,48180,1991,market plunge trump lie coronavirus response closer look
166,Trump Addresses A Nation On Edge As Local Officials Lead On Coronavirus | The 11th Hour | MSNBC,160000,MSNBC,48,407,https://www.youtube.com/watch?v=Sqn1Ab2DsDo,2450000,1514,221,trump address nation edge local official lead coronavirus th hour msnbc
167,Ingraham: Coronavirus pandemic spreads through US,338000,Fox News,24,352,https://www.youtube.com/watch?v=ACLU0OxWisE,4490000,6719,715,ingraham coronavirus pandemic spread u
168,All of Italy under restrictions over coronavirus outbreak,988000,CNN,120,516,https://www.youtube.com/watch?v=lm7Xi3cw6dY,8770000,7615,1333,italy restriction coronavirus outbreak
169,Coronavirus Crisis: Your Questions Answered | NBC News (Live Stream Recording),370000,NBC News,48,3614,https://www.youtube.com/watch?v=YDmOEPI4-8Y,2009999,2215,455,coronavirus crisis question answered nbc news live stream recording
170,Can the coronavirus pandemic be stopped? | Inside Story,45000,Al Jazeera English,48,1466,https://www.youtube.com/watch?v=j1YS09aIxGU,4720000,402,30,coronavirus pandemic stopped inside story
171,Combatting Coronavirus with “Social Distancing” | The Daily Show,1700000,The Daily Show with Trevor Noah,72,441,https://www.youtube.com/watch?v=NVlyc-uZQc0,6610000,31789,782,combatting coronavirus social distancing daily show
172,Everyone's a Coronavirus Expert,3300000,Jimmy Kimmel Live,72,527,https://www.youtube.com/watch?v=1LfQlYESTHg,16399999,63072,5524,everyones coronavirus expert
173,"Coronavirus ‘highly sensitive’ to warmer temperatures, Chinese study says",487000,South China Morning Post,120,225,https://www.youtube.com/watch?v=GmrVSeoDnc4,942000,4995,261,coronavirus highly sensitive warmer temperature chinese study say
174,"As Coronavirus Spreads Nationwide, Cruise Ship Heads To Port In California | TODAY",383000,TODAY,120,591,https://www.youtube.com/watch?v=qBaAGGcKf4w,1790000,1983,347,coronavirus spread nationwide cruise ship head port california today
175,How to Avoid Catching Coronavirus | The Daily Show,1300000,The Daily Show with Trevor Noah,96,390,https://www.youtube.com/watch?v=gWTAxF412NA,6610000,27080,1038,avoid catching coronavirus daily show
176,CDC director testifies on delay of coronavirus test kits as concerns grow | Nightline,130000,ABC News,72,505,https://www.youtube.com/watch?v=yGEaYaUg1T8,7920000,1102,211,cdc director testifies delay coronavirus test kit concern grow nightline
177,"Coronavirus Expert Dr. Fauci, CDC Director Dr. Redfield Testify | NBC News (Live Stream Recording)",419000,NBC News,72,7440,https://www.youtube.com/watch?v=RsqUve07HcA,2009999,2419,482,coronavirus expert dr fauci cdc director dr redfield testify nbc news live stream recording
178,Ted Cruz will self-quarantine after interacting with individual with coronavirus at CPAC,1100000,CNN,120,392,https://www.youtube.com/watch?v=PbvVGko2LmI,8770000,8997,1979,ted cruz selfquarantine interacting individual coronavirus cpac
179,"Coronavirus Is 10 Times More Lethal Than Seasonal Flu, Fauci Says",72000,Bloomberg Markets and Finance,72,118,https://www.youtube.com/watch?v=2DekzGCJhJw,565000,869,58,coronavirus time lethal seasonal flu fauci say
180,Coronavirus: Italy puts millions under quarantine | DW News,583000,DW News,144,571,https://www.youtube.com/watch?v=ii84tOLbrN4,1080000,4582,344,coronavirus italy put million quarantine dw news
181,What happens to your body when you get coronavirus,1600000,The Telegraph,168,126,https://www.youtube.com/watch?v=2bI5pQGXl2o,942000,15576,850,happens body get coronavirus
182,"Coronavirus: Congress must act fast to mitigate the pandemic, FDA Commissioner says",69000,CNBC Television,72,449,https://www.youtube.com/watch?v=JL0cRWsrbRE,447000,805,38,coronavirus congress must act fast mitigate pandemic fda commissioner say
183,Coronavirus: Death toll soars in Italy  - BBC News,606000,BBC News,120,514,https://www.youtube.com/watch?v=V2rS8k89BwY,6600000,4916,465,coronavirus death toll soar italy bbc news
184,"Coronavirus ‘worse than a bomb’ on Italy, says doctor coordinating response",1700000,Channel 4 News,96,654,https://www.youtube.com/watch?v=9mrPHO-nkVE,1170000,24679,965,coronavirus worse bomb italy say doctor coordinating response
185,Coronavirus survivor reveals what it's like to have Covid-19,4300000,Channel 4 News,96,491,https://www.youtube.com/watch?v=G9oqvJ3iXGI,1170000,54686,3241,coronavirus survivor reveals like covid
186,Rudy Gobert mocked Coronavirus by touching all the mics,906000,MLG Highlights,48,27,https://www.youtube.com/watch?v=lYC6oQIAzbI,448000,3346,744,rudy gobert mocked coronavirus touching mics
187,How to stop the spread of coronavirus,422000,Guardian News,168,271,https://www.youtube.com/watch?v=3jpXAMwRSu4,856000,1992,139,stop spread coronavirus
188,"At least 12 dead, 188 infected in US as coronavirus continues to spread | Nightline",1600000,ABC News,168,482,https://www.youtube.com/watch?v=7hB13abLQkE,7920000,15058,1914,least dead infected u coronavirus continues spread nightline
189,Briton who contracted coronavirus in Wuhan explains symptoms,320000,Guardian News,168,110,https://www.youtube.com/watch?v=PU2ut5Ark3Q,856000,1942,217,briton contracted coronavirus wuhan explains symptom
190,What is the coronavirus?,8500000,Guardian News,720,221,https://www.youtube.com/watch?v=aerq4byr7ps,856000,171154,4124,coronavirus
191,New York reels with largest coronavirus outbreak in US | WNT,422000,ABC News,96,237,https://www.youtube.com/watch?v=7JedXOgOPC8,7920000,2878,278,new york reel largest coronavirus outbreak u wnt
192,Coronavirus Patient Explains The Worst Symptoms | NBC News,1400000,NBC News,168,198,https://www.youtube.com/watch?v=NLGX2L9JLa8,2009999,13619,687,coronavirus patient explains worst symptom nbc news
193,Sadhguru on Coronavirus Outbreak in China,2600000,Sadhguru,720,505,https://www.youtube.com/watch?v=mP-mCfo4-f8,4460000,57251,3339,sadhguru coronavirus outbreak china
194,Trump Has Yet To Declare A National Emergency Over Coronavirus | The 11th Hour | MSNBC,244000,MSNBC,48,80,https://www.youtube.com/watch?v=SYMsjvPRu1g,2450000,967,2127,trump yet declare national emergency coronavirus th hour msnbc
195,Coronavirus: Trump Visits the CDC & Italy Locks Down | The Daily Show,2200000,The Daily Show with Trevor Noah,96,375,https://www.youtube.com/watch?v=ljO5VT3_ARY,6610000,41709,1481,coronavirus trump visit cdc italy lock daily show
196,Coronavirus की Inside Story! | Vardaat with Shams Tahir Khan,8100000,Aaj Tak,168,905,https://www.youtube.com/watch?v=JJsqVMRSW-8,28100000,80224,11199,coronavirus inside story vardaat sham tahir khan
197,How coronavirus (Covid-19) spread day by day,634000,Channel 4 News,720,707,https://www.youtube.com/watch?v=Zl0V-OhZYk4,1170000,5572,808,coronavirus covid spread day day
198,Coronavirus lockdown in Italy as 16 million people quarantined,557000,Channel 4 News,144,455,https://www.youtube.com/watch?v=jQsKe2n3bk4,1170000,3771,293,coronavirus lockdown italy million people quarantined
199,Get the facts on coronavirus,2900000,CBC News,720,310,https://www.youtube.com/watch?v=kIL5m5XznNY,1870000,38237,1555,get fact coronavirus
200,Coronavirus: Northern Italy quarantines 16 million people - BBC News,1500000,BBC News,144,374,https://www.youtube.com/watch?v=Lex_mt9o64o,6600000,12985,798,coronavirus northern italy quarantine million people bbc news
201,Coronavirus crisis in US as more cases are reported l ABC News,670000,ABC News,168,251,https://www.youtube.com/watch?v=Qow1al_afYQ,7920000,5125,741,coronavirus crisis u case reported l abc news
202,Coronavirus Outbreak - Transmission & Updates Explained,838000,MedCram - Medical Lectures Explained CLEARLY,720,396,https://www.youtube.com/watch?v=9vMXSkKLg2I,600000,10546,440,coronavirus outbreak transmission update explained
203,Coronavirus: Cruise Ship Carrying People With Coronavirus Docks In California | NBC Nightly News,318000,NBC News,96,814,https://www.youtube.com/watch?v=sku3zWvLXnM,2009999,1220,137,coronavirus cruise ship carrying people coronavirus dock california nbc nightly news
204,CDC warns coronavirus outbreak will worsen,721000,ABC News,336,265,https://www.youtube.com/watch?v=byU_N9iHBFY,7920000,6615,475,cdc warns coronavirus outbreak worsen
205,"China Says Coronavirus Cases Rise to 70,548, Deaths Hit 1,770",1000000,Bloomberg Markets and Finance,504,404,https://www.youtube.com/watch?v=yWhYloc7164,565000,4507,707,china say coronavirus case rise death hit
206,Coronavirus expert: 'War is an appropriate analogy',2300000,Channel 4 News,168,1193,https://www.youtube.com/watch?v=dcJDpV-igjs,1170000,27350,1795,coronavirus expert war appropriate analogy
207,What the U.S. should do to stop the coronavirus spread,104000,CBS This Morning,120,262,https://www.youtube.com/watch?v=L3pgCQB6cA4,1240000,608,132,u stop coronavirus spread
208,Hannity: Media using coronavirus coverage as political weapon,213000,Fox News,96,517,https://www.youtube.com/watch?v=-EQy2eawqS0,4490000,5029,615,hannity medium using coronavirus coverage political weapon
209,"Coronavirus: World must prepare for pandemic, says WHO - BBC News",1900000,BBC News,336,814,https://www.youtube.com/watch?v=UcxHL8LHI_A,6600000,18026,1537,coronavirus world must prepare pandemic say bbc news
210,"Trump, Dems Reach Coronavirus Relief Deal As National Emergency Is Declared | The 11th Hour | MSNBC",882000,MSNBC,16,587,https://www.youtube.com/watch?v=XvvPJzcqCVc,2450000,6695,1933,trump dems reach coronavirus relief deal national emergency declared th hour msnbc
211,Patient with coronavirus speaks out,1800000,CBC News,720,630,https://www.youtube.com/watch?v=TAafDOqfN3M,1870000,16756,1968,patient coronavirus speaks
212,¿China ya superó la emergencia por el nuevo coronavirus?,660000,EL TIEMPO,120,110,https://www.youtube.com/watch?v=HAYyqZVhb2A,467000,5244,384,china ya super la emergencia por el nuevo coronavirus
213,Italy hit hard by coronavirus outbreak,290000,CBS News,336,271,https://www.youtube.com/watch?v=qga88FlhUQY,2400000,1734,137,italy hit hard coronavirus outbreak
214,"Journalist goes undercover at ""wet markets"", where the Coronavirus started | 60 Minutes Australia",5300000,60 Minutes Australia,120,1651,https://www.youtube.com/watch?v=Y7nZ4mw4mXw,1650000,49879,6716,journalist go undercover wet market coronavirus started minute australia
215,Coronavirus: Answering 4 of the most 'Googled' questions | USA TODAY,241000,USA TODAY,120,192,https://www.youtube.com/watch?v=jK5NVWfFBO8,1370000,1384,356,coronavirus answering googled question usa today
216,"Coronavirus Concerns Empty Planes, Leaving Airline Industry Reeling | TODAY",690000,TODAY,72,235,https://www.youtube.com/watch?v=0xqGmEhEyW8,1790000,3650,221,coronavirus concern empty plane leaving airline industry reeling today
217,la VERDAD sobre el coronavirus - China - Italia - ¿Por qué tanto escándalo? - COVID19,398000,Tuvi Digital,48,296,https://www.youtube.com/watch?v=tCMLOV_0P4k,63400,4569,474,la verdad sobre el coronavirus china italia por qu tanto escndalo covid
218,Boosting Your Immune System Against Coronavirus | NBC News NOW,223000,NBC News,48,856,https://www.youtube.com/watch?v=HSVqpWkoK30,2009999,1975,163,boosting immune system coronavirus nbc news
219,Coronavirus Response and Spread Continues,293000,The Tonight Show Starring Jimmy Fallon,96,418,https://www.youtube.com/watch?v=SXUfAca7Op8,24200000,5365,247,coronavirus response spread continues
220,Coronavirus: How could it be stopped? – BBC Newsnight,1100000,BBC Newsnight,720,714,https://www.youtube.com/watch?v=o9lVJ6IlE4k,521000,11135,1038,coronavirus could stopped bbc newsnight
221,Trump Breaks Coronavirus Rules At His Coronavirus Emergency Announcement | MSNBC,311000,MSNBC,20,429,https://www.youtube.com/watch?v=_YFR25ZrNFA,2450000,2181,1780,trump break coronavirus rule coronavirus emergency announcement msnbc
222,Is the Media Overreacting About Coronavirus? | Good Morning Britain,272000,Good Morning Britain,120,666,https://www.youtube.com/watch?v=0A9Y4djRQcM,613000,1832,788,medium overreacting coronavirus good morning britain
223,Should countries follow Italy's coronavirus quarantine? I Inside Story,250000,Al Jazeera English,120,1481,https://www.youtube.com/watch?v=m28UufGwyTw,4720000,1630,147,country follow italy coronavirus quarantine inside story
224,China Is Censoring Coronavirus Stories. These Citizens Are Fighting Back. | NYT News,1600000,The New York Times,336,249,https://www.youtube.com/watch?v=m5fsidSOJMw,2550000,28450,1671,china censoring coronavirus story citizen fighting back nyt news
225,WHO: Coronavirus - questions and answers (Q&A),482000,World Health Organization (WHO),720,82,https://www.youtube.com/watch?v=OZcRD9fV7jo,207000,951,108,coronavirus question answer qa
226,China hotel collapses with quarantined coronavirus patients inside,811000,ABC News,144,107,https://www.youtube.com/watch?v=0vbplrxtqKE,7920000,4551,690,china hotel collapse quarantined coronavirus patient inside
227,Canadian stranded in Italy's coronavirus lockdown,89000,CBC News,96,431,https://www.youtube.com/watch?v=Dcc47JohEmk,1870000,653,118,canadian stranded italy coronavirus lockdown
228,Growing Fears Over Response To Coronavirus As Number Of Confirmed Cases Soar | NBC Nightly News,1700000,NBC News,120,669,https://www.youtube.com/watch?v=GLsXcv5zouQ,2009999,12490,2234,growing fear response coronavirus number confirmed case soar nbc nightly news
229,Bats For Sale at Indonesia Market Despite Coronavirus Warning,1300000,VOA News,504,182,https://www.youtube.com/watch?v=B_-rbv0tp2k,853000,3853,4805,bat sale indonesia market despite coronavirus warning
230,Dr. Fauci on coronavirus in the US: It's going to get worse,137000,Fox News,72,202,https://www.youtube.com/watch?v=05_0zMCTXe0,4490000,1368,261,dr fauci coronavirus u going get worse
231,Coronavirus: El virus cuenta con 3 fases y produce daños en todos los órganos | Telemundo,1300000,Al Rojo Vivo,72,533,https://www.youtube.com/watch?v=TxNwYce6WoM,2620000,20170,1356,coronavirus el virus cuenta con fas produce daos en todos los rganos telemundo
232,China coronavirus deaths and cases spike - BBC News,1200000,BBC News,720,376,https://www.youtube.com/watch?v=RHl8Lh67bnY,6600000,8894,852,china coronavirus death case spike bbc news
233,What Is Coronavirus?,1500000,QuickTake by Bloomberg,720,137,https://www.youtube.com/watch?v=qO8QWq1K1_c,179000,22161,960,coronavirus
234,Italy plans large-scale quarantine in response to coronavirus outbreak,926000,Fox News,144,151,https://www.youtube.com/watch?v=6iQV02gi7fE,4490000,6043,858,italy plan largescale quarantine response coronavirus outbreak
235,Coronavirus whistleblower doctor is online hero in China,2100000,CNN,720,177,https://www.youtube.com/watch?v=eEUqCxP5Lvc,8770000,25091,1070,coronavirus whistleblower doctor online hero china
236,Hannity: Coronavirus doesn't discriminate based on political affiliation,84000,Fox News,48,470,https://www.youtube.com/watch?v=laJ0dWc99Lc,4490000,2288,349,hannity coronavirus doesnt discriminate based political affiliation
237,"En Italia, 133 muertes en un solo día por el coronavirus y 16 millones en cuarentena",510000,euronews (en español),120,122,https://www.youtube.com/watch?v=NoJokMSltho,608000,5307,258,en italia muertes en un solo da por el coronavirus millones en cuarentena
238,Coronavirus: Senior Chinese officials 'removed' as death toll rises- BBC News,2000000,BBC News,720,470,https://www.youtube.com/watch?v=cEKXaxiBiw4,6600000,12312,1100,coronavirus senior chinese official removed death toll rise bbc news
239,Gottlieb: There will be a rapid acceleration of coronavirus cases in US,189000,CNBC Television,120,480,https://www.youtube.com/watch?v=xEwlFcYAMf8,447000,1916,150,gottlieb rapid acceleration coronavirus case u
240,21 on board stranded cruise ship test positive for coronavirus,364000,ABC News,144,255,https://www.youtube.com/watch?v=d0r-2lGTqjQ,7920000,2353,354,board stranded cruise ship test positive coronavirus
241,"Global National: March 5, 2020 | Coronavirus cases continue to rise in Canada and around the world",242000,Global News,168,1272,https://www.youtube.com/watch?v=ueA2d_TjTVU,1240000,1265,155,global national march coronavirus case continue rise canada around world
242,The Virus: An in-depth look at the coronavirus crisis | ABC News,126000,ABC News (Australia),168,916,https://www.youtube.com/watch?v=qgfbfEbsp3I,931000,645,141,virus indepth look coronavirus crisis abc news
243,Italy struggles to contain new coronavirus outbreak l ABC News,471000,ABC News,336,222,https://www.youtube.com/watch?v=nRnf-mHBrF8,7920000,3740,247,italy struggle contain new coronavirus outbreak l abc news
244,Jetzt: Aktuelle Informationen zum Coronavirus in Deutschland vom Robert-Koch-Institut,491000,tagesschau,48,953,https://www.youtube.com/watch?v=MIxdOxmYTi0,477000,5519,623,jetzt aktuelle informationen zum coronavirus deutschland vom robertkochinstitut
245,Trump Keeps Lying About the Coronavirus Outbreak: A Closer Look,2900000,Late Night with Seth Meyers,168,562,https://www.youtube.com/watch?v=JiqFnKXf3do,3500000,40533,3159,trump keep lying coronavirus outbreak closer look
246,Coronavirus kills 6 in Washington state,797000,CNN,168,632,https://www.youtube.com/watch?v=CEFo5skGRSI,8770000,5881,1012,coronavirus kill washington state
247,Coronavirus - It’s Deadlier Than You Thought,290000,AwakenWithJP,72,299,https://www.youtube.com/watch?v=XPpzHYKpndk,926000,17380,752,coronavirus deadlier thought
248,Coronavirus: How the deadly epidemic sparked a global emergency | Four Corners,8000000,ABC News In-depth,336,2752,https://www.youtube.com/watch?v=ycrqXJYf1SU,203000,52858,4808,coronavirus deadly epidemic sparked global emergency four corner
249,"At least 234 people have been diagnosed with coronavirus in US, according to CDC | ABC News",775000,ABC News,168,261,https://www.youtube.com/watch?v=jK7NJEvw7Wc,7920000,5545,576,least people diagnosed coronavirus u according cdc abc news
250,Coronavirus: Last Week Tonight with John Oliver (HBO),11000000,LastWeekTonight,168,1210,https://www.youtube.com/watch?v=c09m5f7Gnic,7690000,265637,10461,coronavirus last week tonight john oliver hbo
251,Joseph Prince Prophesied The Coronavirus In 2018,901000,Joseph Prince,168,599,https://www.youtube.com/watch?v=ZxILcSMO7Uc,524000,23746,1056,joseph prince prophesied coronavirus
252,Coronavirus outbreak panic spreads globally,887000,CBS This Morning,336,345,https://www.youtube.com/watch?v=nMjWwvmvrJI,1240000,7077,824,coronavirus outbreak panic spread globally
253,Coronavirus: 55 people exposed to disease in Australia | Nine News Australia,713000,Nine News Australia,168,542,https://www.youtube.com/watch?v=mHcwX2yiLkU,289000,4223,719,coronavirus people exposed disease australia nine news australia
254,La OMS declaró que el CORONAVIRUS es una PANDEMIA ¿QUÉ SIGNIFICA? #LosConsejosDelDoc,261000,Telefe Noticias,48,255,https://www.youtube.com/watch?v=RIjhIRUun8o,676000,6855,278,la oms declar que el coronavirus e una pandemia qu significa losconsejosdeldoc
255,Coronavirus: Boris Johnson holds press conference after Cobra meeting – watch in full,238000,Guardian News,48,4258,https://www.youtube.com/watch?v=xRadMzCKnCU,856000,1107,523,coronavirus boris johnson hold press conference cobra meeting watch full
256,Coronavirus explained: Where it came from and how to stop it | DW News,692000,DW News,720,202,https://www.youtube.com/watch?v=AYlzyQnSGD8,1080000,4669,432,coronavirus explained came stop dw news
257,Doctor shares CDC's latest coronavirus warnings,547000,CBS This Morning,168,280,https://www.youtube.com/watch?v=0WeSAuoYsOQ,1240000,5815,481,doctor share cdc latest coronavirus warning
258,"Coronavirus: Cómo se vive en la ""zona cero"" del Covid-19 en Italia",1400000,T13,168,355,https://www.youtube.com/watch?v=66LqsOBQvYE,818000,7793,801,coronavirus cmo se vive en la zona cero del covid en italia
259,"Vin Diesel on Coronavirus, Fast & Furious 9, His Daughter & Friendship with Michael Caine",1200000,Jimmy Kimmel Live,96,758,https://www.youtube.com/watch?v=uIXY--2GyYs,16399999,19637,803,vin diesel coronavirus fast furious daughter friendship michael caine
260,Coronavirus en Latinoamérica y España | Qué acciones tomar,453000,Platzi,168,1568,https://www.youtube.com/watch?v=Ww7wQBE5j60,660000,13945,1285,coronavirus en latinoamrica espaa qu acciones tomar
261,First Brit to Contract Coronavirus Reveals His Experience | This Morning,409000,This Morning,168,584,https://www.youtube.com/watch?v=QAPKveL6x2E,1660000,3383,278,first brit contract coronavirus reveals experience morning
262,Coronavirus: New global outbreaks emerge - BBC News,1900000,BBC News,336,697,https://www.youtube.com/watch?v=HL3TpRQ-oa4,6600000,17951,1609,coronavirus new global outbreak emerge bbc news
263,Worried about the coronavirus? See this patient's advice,783000,CNN,168,308,https://www.youtube.com/watch?v=_O0IbLsZ3wA,8770000,5540,956,worried coronavirus see patient advice
264,"Dr. Drew and Dr. Oz Rip Media for Coronavirus Panic, Urge Common Sense",267000,TMZ,96,198,https://www.youtube.com/watch?v=Q0H9jaVIEwM,3880000,11902,397,dr drew dr oz rip medium coronavirus panic urge common sense
265,Chinese scientists says COVID-19/coronavirus could have originated from government ...,3600000,ARIRANG NEWS,504,121,https://www.youtube.com/watch?v=ZC0gww2yznI,279000,13454,1500,chinese scientist say covidcoronavirus could originated government
266,Coronavirus: Experto asegura que la crisis sanitaria empeorará y se debe esperar lo peor | Telemundo,1000000,Al Rojo Vivo,24,280,https://www.youtube.com/watch?v=OvdFWZmaUWo,2620000,13832,1189,coronavirus experto asegura que la crisis sanitarium empeorar se debe esperar lo peor telemundo
267,ÚLTIMA HORA: OMS declara pandemia mundial por coronavirus,390000,MILENIO,72,721,https://www.youtube.com/watch?v=N90VwuOc3QY,1820000,3126,341,ltima hora oms declara pandemia mundial por coronavirus
268,Everything you need to know about coronavirus COVID-19 | 7.30,475000,ABC News (Australia),168,1729,https://www.youtube.com/watch?v=TV20ucwKGmg,931000,2819,398,everything need know coronavirus covid
269,Corona-Virus im Alltag: Echte Gefahr oder übertriebene Panikmache? | Possoch klärt | BR24,265000,BR24,48,465,https://www.youtube.com/watch?v=KPw0zhKDekc,82900,9780,540,coronavirus im alltag echte gefahr oder bertriebene panikmache possoch klrt br
270,¡El Coronavirus en 4 minutos! - (Actualización) (Animación),694000,Juan Cano MD,336,269,https://www.youtube.com/watch?v=FrlpMx0Kzfw,11600,7468,481,el coronavirus en minutos actualizacin animacin
271,Coronavirus: Todo Italia está en cuarentena y el que lo viole podría pasar 3 meses en prisión,537000,Al Rojo Vivo,72,263,https://www.youtube.com/watch?v=KZDzjtIYFGA,2620000,6881,264,coronavirus todo italia est en cuarentena el que lo viole podra pasar me en prisin
272,¿Cuáles son los síntomas y efectos del coronavirus?,1200000,EL TIEMPO,168,369,https://www.youtube.com/watch?v=qTxtJr5gqAE,467000,10707,867,cules son los sntomas efectos del coronavirus
273,Coronavirus now spreading faster outside of China - amid pandemic fears,746000,Channel 4 News,336,1023,https://www.youtube.com/watch?v=04oPyYIj8is,1170000,5022,722,coronavirus spreading faster outside china amid pandemic fear
274,Coronavirus: Italy to close all schools as deaths rise - BBC News,1200000,BBC News,168,733,https://www.youtube.com/watch?v=PGjeMDpIf8M,6600000,9419,708,coronavirus italy close school death rise bbc news
275,Coronavirus: Sacan de su casa por la fuerza a dominicana contagiada | Al Rojo Vivo | Telemundo,1000000,Al Rojo Vivo,48,174,https://www.youtube.com/watch?v=RBtUIhOvz-Y,2620000,13763,560,coronavirus sacan de su casa por la fuerza dominicana contagiada al rojo vivo telemundo
276,Why New Coronavirus (COVID-2019) Could Be Deadlier Pandemic Than SARS,849000,The Infographics Show,720,479,https://www.youtube.com/watch?v=YF84jzrTPq4,7470000,21021,1369,new coronavirus covid could deadlier pandemic sars
277,Coronavirus Cold Open - SNL,7300000,Saturday Night Live,168,514,https://www.youtube.com/watch?v=H4qvO0StKto,9930000,82545,6695,coronavirus cold open snl
278,Coronavirus questions answered,1500000,CBC News: The National,720,360,https://www.youtube.com/watch?v=QnSbyoXnyRo,667000,13308,1140,coronavirus question answered
279,Coronavirus Explained: What happens next? - BBC News,391000,BBC News,168,599,https://www.youtube.com/watch?v=Mj81jKkQMOg,6600000,3784,1134,coronavirus explained happens next bbc news
280,¿Qué es el Coronavirus? Causas y origen,1000000,Top Doctors LATAM,504,293,https://www.youtube.com/watch?v=HSGbs0GwJUM,54700,11318,763,qu e el coronavirus causa origen
281,Whistleblower shares concerns over US workers' potential exposure to coronavirus,813000,CNN,336,368,https://www.youtube.com/watch?v=c2IPUSwHXGo,8770000,6550,3968,whistleblower share concern u worker potential exposure coronavirus
282,El coronavirus chino explicado por un virólogo,3200000,UBUinvestiga,720,945,https://www.youtube.com/watch?v=AhJpNEfIFYo,26200,36942,3697,el coronavirus chino explicado por un virlogo
283,"American teacher documents life in Wuhan, center of coronavirus | USA TODAY",921000,USA TODAY,720,194,https://www.youtube.com/watch?v=7cLmOibP49o,1370000,9803,957,american teacher document life wuhan center coronavirus usa today
284,CORONAVIRUS - What They're Not Telling Us,382000,Wranglerstar,168,450,https://www.youtube.com/watch?v=OdPgcIcc_5g,1470000,14853,1216,coronavirus theyre telling u
285,"Coronavirus Questions, Answered: What Places Should You Avoid? | TODAY",130000,TODAY,120,395,https://www.youtube.com/watch?v=cuWNnSK3z2c,1790000,897,67,coronavirus question answered place avoid today
286,Why The 2019 Novel Coronavirus Is So Hard To Stop,409000,Science Insider,336,352,https://www.youtube.com/watch?v=DiF9K-hh-80,1230000,8317,227,novel coronavirus hard stop
287,Doctor Explains How To Avoid Coronavirus | TODAY,231000,TODAY,168,161,https://www.youtube.com/watch?v=fduo__o4AVY,1790000,2140,92,doctor explains avoid coronavirus today
288,Esto es lo que va a pasar con el coronavirus según los expertos,799000,El Mundo,168,132,https://www.youtube.com/watch?v=US2eN3xbu_I,127000,6904,508,esto e lo que va pasar con el coronavirus segn los expertos
289,Steve Wozniak talks to Sanjay Gupta about coronavirus scare,371000,CNN,168,472,https://www.youtube.com/watch?v=edxkrkKSVXU,8770000,2456,392,steve wozniak talk sanjay gupta coronavirus scare
290,What It's Actually Like To Have The Coronavirus (COVID-19),2300000,The Infographics Show,504,642,https://www.youtube.com/watch?v=BvArUcf-1V4,7470000,61672,14224,actually like coronavirus covid
291,Over 100 Coronavirus Cases Confirmed In US; More Deaths In Washington State | TODAY,693000,TODAY,168,182,https://www.youtube.com/watch?v=YE6alcjmUfs,1790000,6484,723,coronavirus case confirmed u death washington state today
292,Coronavirus: Everything You NEED To Know - BBC,206000,BBC,120,388,https://www.youtube.com/watch?v=5pIOZhUB4Bk,8170000,2088,176,coronavirus everything need know bbc
293,How the Coronavirus Spread across Europe (Since January),1000000,WawamuStats,96,161,https://www.youtube.com/watch?v=k99tGBPGI9I,240000,11236,450,coronavirus spread across europe since january
294,La radical cuarentena con la que China está derrotando al coronavirus Covid-19,1500000,El Confidencial,168,386,https://www.youtube.com/watch?v=2tTQLj-S7j4,137000,14180,946,la radical cuarentena con la que china est derrotando al coronavirus covid
295,He tested positive for coronavirus.  Hear how he feels now,405000,CNN,168,381,https://www.youtube.com/watch?v=nORRqnxPDcQ,8770000,3849,434,tested positive coronavirus hear feel
296,Trump Is Not Telling The Truth About The Coronavirus | The 11th Hour | MSNBC,346000,MSNBC,168,337,https://www.youtube.com/watch?v=HbVjOmDAILg,2450000,2873,2284,trump telling truth coronavirus th hour msnbc
297,What Actually Happens If You Get Coronavirus?,9900000,AsapSCIENCE,720,519,https://www.youtube.com/watch?v=OTYfke545vI,9170000,380143,10835,actually happens get coronavirus
298,Coronavirus in Deutschland: Virologe erklärt die Lage - 'Entschleunigung ist das wichtigste',197000,DW Deutsch,72,1042,https://www.youtube.com/watch?v=SrYHaWZcNIM,396000,1141,213,coronavirus deutschland virologe erklrt die lage entschleunigung ist da wichtigste
299,E3 Cancelled Due To Coronavirus Concerns - IGN Daily Fix,52000,IGN,48,242,https://www.youtube.com/watch?v=P9REZ_dQ4Xk,13100000,1444,74,e cancelled due coronavirus concern ign daily fix
300,Coronavirus Quarantine Survivor Keeps Coughing on TV,2800000,Inside Edition,336,156,https://www.youtube.com/watch?v=z5PXh4U8CJs,7250000,39182,1771,coronavirus quarantine survivor keep coughing tv
301,CORONAVIRUS en ITALIA: Calles vacías y supermercados desabastecidos,462000,EL PAIS,336,185,https://www.youtube.com/watch?v=VO2VHa3wwS4,876000,4270,206,coronavirus en italia calles vacas supermercados desabastecidos
302,Coronavirus en Chine : les vidéos décryptées,410000,Le Monde,336,406,https://www.youtube.com/watch?v=xBpn43qA-ns,765000,8284,459,coronavirus en chine le vidos dcryptes
303,The fallout from the new coronavirus now spreading coast to coast | WNT,471000,ABC News,168,208,https://www.youtube.com/watch?v=xoXjJd2Ae18,7920000,4698,269,fallout new coronavirus spreading coast coast wnt
304,The Ingraham Angle Coronavirus Cold Open - SNL,4200000,Saturday Night Live,144,561,https://www.youtube.com/watch?v=XezLiezWN0E,9930000,56478,4899,ingraham angle coronavirus cold open snl
305,Coronavirus: 6 buenas noticias sobre el nuevo virus covid-19  | BBC Mundo,2200000,BBC News Mundo,72,268,https://www.youtube.com/watch?v=TBuHqj-S9F4,975000,100953,4790,coronavirus buenas noticias sobre el nuevo virus covid bbc mundo
306,Coronavirus in Deutschland - Pure Hysterie oder ernstzunehmende Gefahr? | ProSieben Spezial,1400000,Galileo,168,957,https://www.youtube.com/watch?v=XD6MO6pgmN8,2890000,22585,2009,coronavirus deutschland pure hysterie oder ernstzunehmende gefahr prosieben spezial
307,¿Qué es el coronavirus?,1000000,El Mundo,720,117,https://www.youtube.com/watch?v=oZpVhLgLA8U,127000,12747,497,qu e el coronavirus
308,Coronavirus : la Chine en quarantaine | ARTE Reportage,1700000,ARTE,168,2163,https://www.youtube.com/watch?v=OQD_-2KI244,1010000,18023,1079,coronavirus la chine en quarantaine arte reportage
309,Trump Fears The Coronavirus Crisis Will Spoil His Reelection Campaign,3100000,The Late Show with Stephen Colbert,336,632,https://www.youtube.com/watch?v=R-Gnari_sTU,7260000,38577,1680,trump fear coronavirus crisis spoil reelection campaign
310,Coronavirus: Revelan las 3 fases del virus que ataca a cada persona de manera diferente | Telemundo,2000000,Al Rojo Vivo,168,267,https://www.youtube.com/watch?v=mKnMfu6XU4s,2620000,26734,1622,coronavirus revelan la fas del virus que ataca cada persona de manera diferente telemundo
311,1.011 muertos y más de 42.200 contagiados de coronavirus en China,1300000,T13,720,198,https://www.youtube.com/watch?v=dB_4Dh_ed3M,818000,10551,715,muertos m de contagiados de coronavirus en china
312,"Is This How We Die? - Coronavirus, Continued | The Daily Show",1800000,The Daily Show with Trevor Noah,336,313,https://www.youtube.com/watch?v=qYMNOLsv8iU,6610000,35974,991,die coronavirus continued daily show
313,China को मिल गयी Coronavirus की Medicine ?  | Tez Special Report,1600000,Tez,168,846,https://www.youtube.com/watch?v=ZsaO43pN7rA,4040000,19128,2420,china coronavirus medicine tez special report
314,Neil deGrasse Tyson On Coronavirus: Will People Listen To Science?,3100000,The Late Show with Stephen Colbert,168,655,https://www.youtube.com/watch?v=jB4FUHHMI24,7260000,59072,2938,neil degrasse tyson coronavirus people listen science
315,Coronavirus Do’s And Don’ts: What You Need To Know To Protect Your Family | TODAY,1000000,TODAY,336,259,https://www.youtube.com/watch?v=2UGgBGff8H8,1790000,11361,821,coronavirus do donts need know protect family today
316,El nuevo coronavirus de Wuhan: atrapados en el centro del virus,1100000,La Vanguardia,720,180,https://www.youtube.com/watch?v=N_KYcCWHg6Q,457000,12415,472,el nuevo coronavirus de wuhan atrapados en el centro del virus
317,ARD extra: Corona – droht Stillstand in Deutschland?,394000,tagesschau,48,1315,https://www.youtube.com/watch?v=NpUbe7i0fBo,477000,2681,387,ard extra corona droht stillstand deutschland
318,Que es el coronavirus (Origen),5900000,Dr. Angelo Estrada,720,830,https://www.youtube.com/watch?v=b07gvHqI47Q,84700,78790,4713,que e el coronavirus origen
319,The Truth About The Coronavirus,5400000,Doctor Mike,720,634,https://www.youtube.com/watch?v=LI90iqFqLXs,5240000,300674,3973,truth coronavirus
320,Coronavirus de Wuhan: repulsivas imágenes del mercado donde se originó el brote y la alerta mundial,7300000,CNN en Español,720,1480,https://www.youtube.com/watch?v=yyEbH4OYYIg,1490000,89475,4843,coronavirus de wuhan repulsivas imgenes del mercado donde se origin el brote la alerta mundial
321,Trump Holds News Conference On Coronavirus Pandemic | NBC News (Live Stream Recording),2900000,NBC News,24,8208,https://www.youtube.com/watch?v=q_WM_pMp0Hg,2009999,19641,7954,trump hold news conference coronavirus pandemic nbc news live stream recording
322,Coronavirus Hits America - Is This How We Die? | The Daily Show,2600000,The Daily Show with Trevor Noah,168,379,https://www.youtube.com/watch?v=z39RgxoiXPE,6610000,59738,1658,coronavirus hit america die daily show
323,Coronavirus Contained: How Taiwan Beat China,527000,China Uncensored,72,661,https://www.youtube.com/watch?v=DFxmiV2_OHs,1070000,29093,857,coronavirus contained taiwan beat china
324,Coronavirus Is A PANDEMIC....Technically,2500000,Doctor Mike,168,774,https://www.youtube.com/watch?v=Xl2nA_xuHjY,5240000,124997,1655,coronavirus pandemictechnically
325,Coronavirus: Trump suspends travel from Europe to US - BBC News,577000,BBC News,48,948,https://www.youtube.com/watch?v=_xNfz5LT2BU,6600000,4069,348,coronavirus trump suspends travel europe u bbc news
326,Joe Rogan on Coronavirus Fears,2200000,JRE Clips,24,586,https://www.youtube.com/watch?v=gz2lqt4xqOs,3980000,39618,1665,joe rogan coronavirus fear
327,CORONAVIRUS | Draw My Life,5200000,TikTak Draw,720,200,https://www.youtube.com/watch?v=KU_TpiJ-x7o,7860000,183150,5396,coronavirus draw life
328,Coronavirus: Captan a autoridades llevándose por la fuerza a contagiados en China | Telemundo,800000,Al Rojo Vivo,720,235,https://www.youtube.com/watch?v=iMXfmI7IALw,2620000,9873,493,coronavirus captan autoridades llevndose por la fuerza contagiados en china telemundo
329,Coronavirus: ¿cerca de una pandemia global?,1000000,CNN en Español,336,1285,https://www.youtube.com/watch?v=ypYjbabaXOg,1490000,12697,673,coronavirus cerca de una pandemia global
330,Filtran audio que revela la verdad del Coronavirus,339000,Badabun,48,458,https://www.youtube.com/watch?v=BmbJjrdQwCI,42700000,16109,2057,filtran audio que revela la verdad del coronavirus
331,"CORONAVIRUS: PELIGROS, MENTIRAS Y VERDADES (reflexiones de un médico de familia) 🔴",367000,Alberto Sanagustín,168,1500,https://www.youtube.com/watch?v=xxHZR7ZbeSg,267000,6023,591,coronavirus peligros mentiras verdades reflexiones de un mdico de familia
332,Coronavirus: Warum hamstern die Deutschen Nudeln und KLOPAPIER? | heute-show vom 06.03.2020,1700000,ZDF heute-show,168,575,https://www.youtube.com/watch?v=5O-sfct4lRI,826000,47940,2271,coronavirus warum hamstern die deutschen nudeln und klopapier heuteshow vom
333,Wie sich das Coronavirus ausbreitet und die Welt erschüttert,578000,ZDFheute Nachrichten,168,2648,https://www.youtube.com/watch?v=TD0GLnwEWjE,80200,3879,1549,wie sich da coronavirus ausbreitet und die welt erschttert
334,Doctor Fact-Checks Media On Coronavirus,2800000,Doctor Mike,144,577,https://www.youtube.com/watch?v=5CRxyHU9Oxo,5240000,191466,2797,doctor factchecks medium coronavirus
335,Coronavirus: How To Inform Your Friends & Family Without Creating Pushback,293000,Peak Prosperity,24,2548,https://www.youtube.com/watch?v=ogf6Hru2trE,300000,11223,249,coronavirus inform friend family without creating pushback
336,"How does Coronavirus compare to Ebola, SARS, etc?",3700000,Abacaba,720,603,https://www.youtube.com/watch?v=6dDD2tHWWnU,91500,83536,3518,coronavirus compare ebola sars etc
337,China. Trip to Infected Zone. What's Fake and Truth about Coronavirus // How People Live(2020),1900000,The People,336,1896,https://www.youtube.com/watch?v=A1yXTlvTB08,70700,34136,2598,china trip infected zone whats fake truth coronavirus people live
338,Why this doctor thinks we're headed for a coronavirus pandemic,302000,CNBC Television,336,310,https://www.youtube.com/watch?v=aByRldWIJaM,447000,3274,246,doctor think headed coronavirus pandemic
339,China: coronavirus causa 80 muertes y 2800 infectados,577000,teleSUR tv,720,215,https://www.youtube.com/watch?v=CmXCTaMWYBg,947000,3469,283,china coronavirus causa muertes infectados
340,Johns Hopkins Experts Brief Capitol Hill on Coronavirus (COVID-19),424000,Johns Hopkins University,168,5348,https://www.youtube.com/watch?v=Pnk8DuAly9Y,22900,3033,320,john hopkins expert brief capitol hill coronavirus covid
341,Exclusive: HHS Sec. Azar gives coronavirus update on 'Fox News Sunday',319000,Fox News,168,654,https://www.youtube.com/watch?v=GvY_HXZplwQ,4490000,2979,708,exclusive hhs sec azar give coronavirus update fox news sunday
342,China Blames America for the Coronavirus Outbreak,945000,China Uncensored,168,516,https://www.youtube.com/watch?v=fg7FwHteB0I,1070000,35127,2008,china blame america coronavirus outbreak
343,"¿Cómo es vivir con coronavirus? Entrevista a uno de los primeros casos en España, Juanfran Barberá",516000,Tiempo de Juego COPE,144,560,https://www.youtube.com/watch?v=Y72K37LNep4,244000,11352,357,cmo e vivir con coronavirus entrevista uno de los primeros casos en espaa juanfran barber
344,Is the Coronavirus a Bioweapon? w/Michael Osterholm | Joe Rogan,638000,JRE Clips,96,195,https://www.youtube.com/watch?v=CfBhk-9OcrU,3980000,11211,567,coronavirus bioweapon wmichael osterholm joe rogan
345,"Coronavirus Update: Europe Travel Ban, Tom Hanks, NBA Suspends Games - Day That Was | MSNBC",339000,MSNBC,48,318,https://www.youtube.com/watch?v=UJWkExxcTd0,2450000,1744,859,coronavirus update europe travel ban tom hank nba suspends game day msnbc
346,The CoronaVirus Conspiracy (Theory),490000,Upper Echelon Gamers,720,1169,https://www.youtube.com/watch?v=-fC0ewWE1OI,383000,14019,838,coronavirus conspiracy theory
347,Why is China a Hotbed for Diseases Like Coronavirus?,1000000,JRE Clips,96,400,https://www.youtube.com/watch?v=_-DRhUDK738,3980000,18449,521,china hotbed disease like coronavirus
348,"Full Fauci: For Coronavirus And Crowds, 'If You're A Vulnerable Person, Take It Seriously'",215000,NBC News,144,471,https://www.youtube.com/watch?v=KvhvZS1rUCQ,2009999,1994,171,full fauci coronavirus crowd youre vulnerable person take seriously
349,Epidemiologist predicts effects of coronavirus in the months ahead,1500000,CBS Evening News,168,380,https://www.youtube.com/watch?v=iDelUkpFm60,697000,14646,1245,epidemiologist predicts effect coronavirus month ahead
350,Trump Official: United States Hospitals NOT PREPARED for Coronavirus,52000,The Young Turks,48,248,https://www.youtube.com/watch?v=h6I-nDn-rGg,4670000,1562,217,trump official united state hospital prepared coronavirus
351,The 10-Year Bull Market Just Died Of Coronavirus (John Hussman & Chris Martenson),108000,Peak Prosperity,48,3869,https://www.youtube.com/watch?v=IeQptwMbqlc,300000,3360,131,year bull market died coronavirus john hussman chris martenson
352,Coronavirus: New Data Introduces (Some) Hope,466000,Peak Prosperity,96,2410,https://www.youtube.com/watch?v=Rb94GXQVEKQ,300000,13394,385,coronavirus new data introduces hope
353,[Coronavirus]Cat Ba Island Travel Regulation Heads Up,492,WalkWithMe,720,116,https://www.youtube.com/watch?v=jxCPV1kujoI,55,6,1,coronaviruscat ba island travel regulation head
354,Tom Hanks And Wife Rita Wilson Say They Have Coronavirus | TODAY,142000,TODAY,48,177,https://www.youtube.com/watch?v=rLuYn0XPkyk,1790000,1572,106,tom hank wife rita wilson say coronavirus today
355,Why Wasn’t the US Better Prepared for Coronavirus?,300000,JRE Clips,96,394,https://www.youtube.com/watch?v=Q4F2oSQ8CRI,3980000,6444,138,wasnt u better prepared coronavirus
356,"Hand Sanitizer & Face Masks, Will They Help Against the Coronavirus? w:Michael Osterholm | Joe",643000,JRE Clips,96,284,https://www.youtube.com/watch?v=qbqQdwvjf7U,3980000,13544,264,hand sanitizer face mask help coronavirus wmichael osterholm joe
357,Stop the Spread of Coronavirus,174,PJP,720,115,https://www.youtube.com/watch?v=hPRXVdMgFgU,213,7,0,stop spread coronavirus
358,The Coronavirus Breaks The Stock Market,242000,Peak Prosperity,96,2955,https://www.youtube.com/watch?v=dLBfrVRDgwg,300000,8847,236,coronavirus break stock market
359,How Trump's Mistakes Made Coronavirus Worse | All In | MSNBC,17000,MSNBC,19,344,https://www.youtube.com/watch?v=9smrAASOxj8,2450000,4039,343,trump mistake made coronavirus worse msnbc
360,"Coronavirus coverage: KING 5 News at 10 p.m. on Wednesday, March 11",12000,KING 5,48,648,https://www.youtube.com/watch?v=9PHgGqnGzyc,82300,126,4,coronavirus coverage king news pm wednesday march
361,Coronavirus update: Thursday 12 March | ITV News,258000,ITV News,48,81,https://www.youtube.com/watch?v=ILsobeNEtwA,441000,1497,275,coronavirus update thursday march itv news
362,CORONAVIRUS,232,Moving Science,720,42,https://www.youtube.com/watch?v=A1L7lb_KFWA,7,6,0,coronavirus
363,How Serious is the Coronavirus? Infectious Disease Expert Michael Osterholm Explains | Joe Rogan,17000000,JRE Clips,96,929,https://www.youtube.com/watch?v=cZFhjMQrVts,3980000,244628,8853,serious coronavirus infectious disease expert michael osterholm explains joe rogan
364,"Tim Hentschel, CEO of HotelPlanner on Cheddar about Coronavirus",9800,HotelPlanner Today,720,370,https://www.youtube.com/watch?v=kJG-cHFI_MM,1600,2,1,tim hentschel ceo hotelplanner cheddar coronavirus
365,The Novel Coronavirus - A Practical Guide,92,iChongqing,720,659,https://www.youtube.com/watch?v=C7f4X5Dsyqg,571,3,0,novel coronavirus practical guide
366,Impact of Coronavirus on Events Industry - how to use time effectively during coronavirus outbreak,479,ARK-AV,720,237,https://www.youtube.com/watch?v=OA2sveGuEkw,184,11,0,impact coronavirus event industry use time effectively coronavirus outbreak
367,TravelCard CEO Peter Klemt on the Novel Coronavirus and its impact on travel insurance,565,NIBATV,720,271,https://www.youtube.com/watch?v=lYhZnlJNMD4,159,0,1,travelcard ceo peter klemt novel coronavirus impact travel insurance
368,Know Your Facts Barbados On Novel Coronavirus - Surveillance,195,thebgis,720,105,https://www.youtube.com/watch?v=EDJ3JwmYmPE,2190,3,0,know fact barbados novel coronavirus surveillance
369,5 ways the Coronavirus (COVID-19) will soon impact you,268000,City Prepping,144,1009,https://www.youtube.com/watch?v=2lRxYEKQuew,314000,9570,320,way coronavirus covid soon impact
370,U.S. Coronavirus Testing Still Months Behind Where It Needs To Be | The 11th Hour | MSNBC,31000,MSNBC,24,139,https://www.youtube.com/watch?v=o-yPlLzJY5c,2450000,331,41,u coronavirus testing still month behind need th hour msnbc
371,Coronavirus,49,Rockfort Markets Ltd,720,189,https://www.youtube.com/watch?v=7CY8QHhP7Qg,11,1,0,coronavirus
372,Watch again: Boris Johnson makes coronavirus announcement after COBRA meeting,458000,The Telegraph,48,2751,https://www.youtube.com/watch?v=A0chs7bVQ8Y,942000,3518,2050,watch boris johnson make coronavirus announcement cobra meeting
373,Update on Novel Coronavirus:,193,Ministry of Health & Family Welfare,720,320,https://www.youtube.com/watch?v=-AmM-T8Fq4M,15500,4,1,update novel coronavirus
374,Coronavirus: Why The US Is In Deep Trouble,733000,Peak Prosperity,144,2048,https://www.youtube.com/watch?v=3etuaYTDwFI,300000,22611,1096,coronavirus u deep trouble
375,Novel Coronavirus -  Practising Good Hygiene,132,thebgis,720,38,https://www.youtube.com/watch?v=FruYi70uD3E,2190,1,0,novel coronavirus practising good hygiene
376,Coronavirus Lesson Plans and Resources,1200,Share My Lesson - Profile,720,60,https://www.youtube.com/watch?v=tgNxJsvMvgs,183,2,1,coronavirus lesson plan resource
377,How worried should you be of the novel coronavirus?,163,Dr Vin Tran,720,56,https://www.youtube.com/watch?v=1g3uRFyKc2U,66,4,0,worried novel coronavirus
378,Coronavirus,1400,JOHN PETTIPAS,720,671,https://www.youtube.com/watch?v=vOcl20Oj7vY,314,24,2,coronavirus
379,What's the coronavirus situation REALLY like in Italy?,224000,Redditors,72,856,https://www.youtube.com/watch?v=Hohstz4OFbg,78200,4104,57,whats coronavirus situation really like italy
380,New Research Suggests The Coronavirus May Be Far Worse Than We Thought,617000,Peak Prosperity,720,1656,https://www.youtube.com/watch?v=Y4Ho96UKfYA,300000,21150,921,new research suggests coronavirus may far worse thought
381,What is Coronavirus? | Coronavirus Symptoms |  How it spread And How To Prevent or Avoid | study24x7,3100,Study 24x7,720,181,https://www.youtube.com/watch?v=TlutnQtpNj8,2770,30,0,coronavirus coronavirus symptom spread prevent avoid studyx
382,"FEAR, THE FLU & THE NOVEL CORONAVIRUS",71,The Indigo Room,720,4111,https://www.youtube.com/watch?v=VpIb9GabeUk,271,7,0,fear flu novel coronavirus
383,Antioxidant Treatment Against the Coronavirus“Oxidative Stress and Viral Immunity”,135,岐阜大学 科学研究基盤センター 共同研究講座 抗酸化研究部門,720,186,https://www.youtube.com/watch?v=Nt8F76c0Hsk,1490,4,0,antioxidant treatment coronavirusoxidative stress viral immunity
384,What is CoronaVirus?,307,Wildlife X Team International,720,387,https://www.youtube.com/watch?v=efDgX5rWE44,2540,7,3,coronavirus
385,Coronavirus - Pontos e Trigramas 3 Wu,670,Ceata,720,614,https://www.youtube.com/watch?v=QZU4k-fY6k0,6030,56,0,coronavirus pontos e trigramas wu
386,"Coronavirus in S. Korea: 4 confirmed, 28 under testing, 155 discharged",63,NEWS CENTER,720,148,https://www.youtube.com/watch?v=jwRV5wop_H4,1900,2,0,coronavirus korea confirmed testing discharged
387,Korean airlines to suspend China flights due to coronavirus,133,NEWS CENTER,720,36,https://www.youtube.com/watch?v=3equSy_cMD4,1900,5,0,korean airline suspend china flight due coronavirus
388,LBLV China revises coronavirus cases counting 2020/13/02,319,LBLV Eng,720,216,https://www.youtube.com/watch?v=nw-g69YvG8E,533,22,0,lblv china revise coronavirus case counting
389,The Coronavirus Sucks,179,Simon Htut,720,259,https://www.youtube.com/watch?v=71YKeDlhClg,247,16,3,coronavirus suck
390,"Coronavirus Symptoms, Infections, Prevention, and Treatment - China Corona Virus - Moeorr Channel",2300,Moeorr Channel,720,169,https://www.youtube.com/watch?v=FpIEeTjjYao,295,6,0,coronavirus symptom infection prevention treatment china corona virus moeorr channel
391,"Let's talk about cats -🎯LIVE - Coronavirus, Clostridien, MRSA Keime",103,Angela Genovese - Katzen gesund füttern,168,2294,https://www.youtube.com/watch?v=CtC6KQMInyk,1090,8,0,let talk cat live coronavirus clostridien mrsa keime
392,COVID 19 OVERWHELMS HOSPITALS IN ITALY: Doctors Refusing Patients During Coronavirus Lockdown,55000,Glenn Beck,72,799,https://www.youtube.com/watch?v=330sJze0QzE,312000,2049,47,covid overwhelms hospital italy doctor refusing patient coronavirus lockdown
393,Coronavirus News Report,261,Steve Collett,720,35,https://www.youtube.com/watch?v=zlR3NMBqcLc,124,6,1,coronavirus news report
394,Coronavirus Explained,675,sunmv,720,121,https://www.youtube.com/watch?v=lXQ8wz3ALmc,1350,6,0,coronavirus explained
395,जानिये कोरोना वायरस के बारे में | Know More About Coronavirus | India Hot Topics | Anyflix,267,India Hot Topics,720,214,https://www.youtube.com/watch?v=038SlSi12QE,629,4,0,know coronavirus india hot topic anyflix
396,c o r o n a v i r u s 😷,664000,Paul Joseph Watson,48,620,https://www.youtube.com/watch?v=iqhJmsZC_a4,1790000,73663,1766,c r n v r u
397,LO QUE NADIE TE QUIERE DECIR SOBRE EL CORONAVIRUS. (FaraonLoveShady).,565,DREW,720,804,https://www.youtube.com/watch?v=7PfqmSTVg10,404,42,8,lo que nadie te quiere decir sobre el coronavirus faraonloveshady
398,Coronavirus update china & Japan || Corona virus Diamond Prince cruise ||  Adeel Danish & Vlogs ||,397,Adeel Danish & Vlogs,720,246,https://www.youtube.com/watch?v=FOjgRttMybY,3320,8,1,coronavirus update china japan corona virus diamond prince cruise adeel danish vlogs
399,Why So Little Information on Coronavirus?,127,Mom Folding Laundry,720,180,https://www.youtube.com/watch?v=N9cbnIcROeo,838,20,0,little information coronavirus
400,Coronavirus Fakten,785,Dirk Sieling,720,71,https://www.youtube.com/watch?v=MO678G50ez8,221,14,6,coronavirus fakten
401,Cure finally found for the Coronavirus?,15000,youseeIkick,720,31,https://www.youtube.com/watch?v=HJVrM8BgTmI,168,182,9,cure finally found coronavirus
402,Coronavirus update news 13/02/20    (21),101,CORONAVIRUS UPDATE,720,15,https://www.youtube.com/watch?v=ZF4kU05VIqI,14,1,0,coronavirus update news
403,Asking people about the Coronavirus.,162,Kris Morton,720,364,https://www.youtube.com/watch?v=Ln7AFC6Cmtg,12,12,0,asking people coronavirus
404,Three Hopeful Treatments for Coronavirus - One Treatment Shows Results within Hours,899,james hoft,720,100,https://www.youtube.com/watch?v=fpPwDGp1hVo,11000,30,0,three hopeful treatment coronavirus one treatment show result within hour
405,Tomorrow We Live,3500,Inter-Pathé,52560,3769,https://www.youtube.com/watch?v=iyVxWGeWXC0,59200,9,3,tomorrow live
406,"Expert Warns Coronavirus ""Most Frightening Disease"" Ever Seen, Man TASED Fighting For Toilet Paper",145000,Timcast,168,1111,https://www.youtube.com/watch?v=mOedUmBp1XU,586000,8260,525,expert warns coronavirus frightening disease ever seen man tased fighting toilet paper
407,Korona Kielce - Lechia Gdańsk [2. połowa] sezon 2014/15 kolejka 30,103,EKSTRAKLASA OFFICIAL ARCHIVES,26280,3324,https://www.youtube.com/watch?v=3quVh51wl7s,22500,1,0,korona kielce lechia gdask poowa sezon kolejka
408,Starry Thing - 4 minutes,57,schuiprodtorso3,61320,253,https://www.youtube.com/watch?v=Z7FnDGJ1cO8,1,0,0,starry thing minute
409,Arizona - Full Drama Movie,8200,Viewster,35040,2551,https://www.youtube.com/watch?v=x7h4KOtWY-0,452000,8,12,arizona full drama movie
410,How To Avoid Getting Infected By The Coronavirus,412000,Peak Prosperity,168,2411,https://www.youtube.com/watch?v=4InhmRCIpow,300000,14491,417,avoid getting infected coronavirus
411,Simpsons and the Corona virus,288,flatearthrandy,720,122,https://www.youtube.com/watch?v=jCeMcJxp_9A,1050,20,1,simpson corona virus
412,The Coronavirus Hoax & The White Horse Symbolism Exposed,29000,Russianvids,336,398,https://www.youtube.com/watch?v=5JrhykMwvdk,41900,1798,78,coronavirus hoax white horse symbolism exposed
413,Coronavirus: Did the CCP Just Call The Coronavirus a Bio-Weapon? [Part 4],90000,Edge of Wonder,168,1423,https://www.youtube.com/watch?v=ta8Mm_6hRrg,412000,5807,130,coronavirus ccp call coronavirus bioweapon part
414,Anonymous Urges World Leaders To Tell The Truth About Coronavirus,86000,Anonymous,168,487,https://www.youtube.com/watch?v=86fLmiAvTBU,49200,1949,41,anonymous urge world leader tell truth coronavirus
