,title,view,channel,uploadtime,length,link,subscriber,like,dislike,clean_text
0,Unprecedented restrictions in Italy over coronavirus outbreak,22000,CNN,3,498,https://www.youtube.com/watch?v=v_vDjR5zBDk,8710000,735,124,unprecedented restriction italy coronavirus outbreak
1,New York reels with largest coronavirus outbreak in US | WNT,264000,ABC News,11,237,https://www.youtube.com/watch?v=7JedXOgOPC8,7860000,2082,223,new york reel largest coronavirus outbreak u wnt
2,Trump urges calm at coronavirus task force briefing,442000,CBS News,10,351,https://www.youtube.com/watch?v=zSfbAP3emSE,2390000,2610,2208,trump urge calm coronavirus task force briefing
3,Governor Cuomo Gives Updates On Coronavirus In New York | Katy Tur | MSNBC,98000,MSNBC,14,336,https://www.youtube.com/watch?v=06Q1CQd33zM,2420000,711,253,governor cuomo give update coronavirus new york katy tur msnbc
4,Coronavirus: Cruise Ship Carrying People With Coronavirus Docks In California | NBC Nightly News,209000,NBC News,10,814,https://www.youtube.com/watch?v=sku3zWvLXnM,1960000,919,101,coronavirus cruise ship carrying people coronavirus dock california nbc nightly news
5,Growing Fears Over Response To Coronavirus As Number Of Confirmed Cases Soar | NBC Nightly News,1300000,NBC News,24,669,https://www.youtube.com/watch?v=GLsXcv5zouQ,1960000,10797,1975,growing fear response coronavirus number confirmed case soar nbc nightly news
6,Fast moving developments in the coronavirus outbreak,605000,ABC News,24,285,https://www.youtube.com/watch?v=ya3Pqasvyno,7860000,5563,839,fast moving development coronavirus outbreak
7,CNN polled Americans about coronavirus. Here's what they said,364000,CNN,14,207,https://www.youtube.com/watch?v=4Vsjtvm4cyA,8710000,3357,678,cnn polled american coronavirus here said
8,Fmr. Obama Economist: Trump's Coronavirus Payroll Tax Cut Not The Answer | The Last Word | MSNBC,50000,MSNBC,7,281,https://www.youtube.com/watch?v=AvLWF12Lpbs,2420000,921,130,fmr obama economist trump coronavirus payroll tax cut answer last word msnbc
9,California Governor Gavin Newsom gives update on coronavirus outbreak,122000,CBS News,24,151140,https://www.youtube.com/watch?v=uW3aTBcK3go,2390000,1095,214,california governor gavin newsom give update coronavirus outbreak
10,Coronavirus: Answering 4 of the most 'Googled' questions | USA TODAY,185000,USA TODAY,21,192,https://www.youtube.com/watch?v=jK5NVWfFBO8,1360000,1267,341,coronavirus answering googled question usa today
11,Ted Cruz will self-quarantine after interacting with individual with coronavirus at CPAC,1100000,CNN,24,392,https://www.youtube.com/watch?v=PbvVGko2LmI,8710000,8861,1956,ted cruz selfquarantine interacting individual coronavirus cpac
12,Coronavirus lockdown in Italy as 16 million people quarantined,507000,Channel 4 News,24,455,https://www.youtube.com/watch?v=jQsKe2n3bk4,1130000,3538,272,coronavirus lockdown italy million people quarantined
13,"Coronavirus outbreak: Oregon governor, health officials to give update on COVID-19 response",106000,Global News,24,1048,https://www.youtube.com/watch?v=ZSbfh5Ny4ww,1210000,887,146,coronavirus outbreak oregon governor health official give update covid response
14,Journalist goes undercover at wet markets where the Coronavirus started | 60 Minutes Australia,1300000,60 Minutes Australia,24,99060,https://www.youtube.com/watch?v=Y7nZ4mw4mXw,1610000,15318,2190,journalist go undercover wet market coronavirus started minute australia
15,Coronavirus: Italy puts millions under quarantine | DW News,545000,DW News,24,571,https://www.youtube.com/watch?v=ii84tOLbrN4,1060000,4424,324,coronavirus italy put million quarantine dw news
16,"CDC, White House send conflicting messages on coronavirus",56000,Washington Post,24,229,https://www.youtube.com/watch?v=p7Neyh65Qe8,992000,419,167,cdc white house send conflicting message coronavirus
17,Watch live: New York City Mayor de Blasio gives coronavirus update,189000,NBC News,24,5504,https://www.youtube.com/watch?v=_3Mn-mJdHUo,1960000,1493,485,watch live new york city mayor de blasio give coronavirus update
18,Coronavirus death toll rises in Italy to 366 as quarter of population on lockdown | ITV News,615000,ITV News,24,129,https://www.youtube.com/watch?v=t62aK_9Ptmg,433000,2452,310,coronavirus death toll rise italy quarter population lockdown itv news
19,Washington Planning Ahead For Expected Coronavirus Surge | Rachel Maddow | MSNBC,8400,MSNBC,3,269,https://www.youtube.com/watch?v=S0Z79LzNpdU,2420000,525,47,washington planning ahead expected coronavirus surge rachel maddow msnbc
20,Testing Flaws And Capacity Issues Slow U.S. Response To Coronavirus Spread | Meet The Press,35000,NBC News,24,194,https://www.youtube.com/watch?v=V4ZuNqTqm1w,1960000,325,54,testing flaw capacity issue slow u response coronavirus spread meet press
21,Major lockdown in Italy from coronavirus,257000,ABC News,24,120,https://www.youtube.com/watch?v=TlP6Tlj04T4,7860000,1883,201,major lockdown italy coronavirus
22,"Coronavirus Threat: To The Economy, And The Presidency | The Day That Was | MSNBC",264000,MSNBC,24,355,https://www.youtube.com/watch?v=FdNJsy231Cs,2420000,3021,215,coronavirus threat economy presidency day msnbc
23,State of Emergency in New York with at least 76 coronavirus cases,467000,ABC News,48,172,https://www.youtube.com/watch?v=b7aX6-NkWaM,7860000,3449,582,state emergency new york least coronavirus case
24,Doctor Answers Commonly Googled Questions About Coronavirus,358000,BuzzFeedVideo,24,493,https://www.youtube.com/watch?v=hHEBCk0SQA8,20000000,12421,407,doctor answer commonly googled question coronavirus
25,Gov. Cuomo Updates on Coronavirus in NY,37000,NBC New York,24,101460,https://www.youtube.com/watch?v=wmNI0atk-7Y,108000,292,79,gov cuomo update coronavirus ny
26,Coronavirus disease cases in Philippines rise to 33,3100,ABS-CBN News,2,123960,https://www.youtube.com/watch?v=S5w-UO6pSSU,8480000,440,36,coronavirus disease case philippine rise
27,First UK Coronavirus death in Berkshire - BBC NEWS,202000,BBC News,96,536,https://www.youtube.com/watch?v=qWoL8MsrwpU,6530000,1557,130,first uk coronavirus death berkshire bbc news
28,SE Cupp: This is why we're panicked about coronavirus,473000,CNN,48,475,https://www.youtube.com/watch?v=s_ypH6Bk-oY,8710000,5695,2853,se cupp panicked coronavirus
29,"Dr. Fauci sets the record straight on coronavirus testing, prevention",211000,Fox News,24,600,https://www.youtube.com/watch?v=xvW17dSuX5Q,4440000,3797,466,dr fauci set record straight coronavirus testing prevention
30,All of Italy is now on lockdown due to coronavirus,817000,CNN,13,516,https://www.youtube.com/watch?v=lm7Xi3cw6dY,8710000,6938,1239,italy lockdown due coronavirus
31,Cuomo Declares State Of Emergency In New York For Coronavirus Outbreak | NBC News,24000,NBC News,48,129,https://www.youtube.com/watch?v=yQW3ExxiaEI,1960000,302,25,cuomo declares state emergency new york coronavirus outbreak nbc news
32,Watch live: D.C. mayor updates on coronavirus after first positive case,280000,NBC News,48,3604,https://www.youtube.com/watch?v=Ebf0tY84j8U,1960000,1204,304,watch live dc mayor update coronavirus first positive case
33,Italy's north under travel lockdown to curb coronavirus spread,102000,CBC News,24,414,https://www.youtube.com/watch?v=2KP2QC5s7QQ,1850000,804,86,italy north travel lockdown curb coronavirus spread
34,Coronavirus threatens to have broad economic impact,163000,CBS News,48,437,https://www.youtube.com/watch?v=btSf0cvgJys,2390000,1368,134,coronavirus threatens broad economic impact
35,Is Italy’s Massive Coronavirus Quarantine Sign Of Things To Come? | AM Joy | MSNBC,59000,MSNBC,24,180,https://www.youtube.com/watch?v=8jJJ1TtUQMM,2420000,1377,117,italy massive coronavirus quarantine sign thing come joy msnbc
36,Coronavirus: Milan set for lockdown,507000,Sky News,48,191,https://www.youtube.com/watch?v=Zh3YBVjDXfY,1860000,3241,194,coronavirus milan set lockdown
37,Italy's coronavirus outbreak sparks 'a lot of panic,27000,PBS NewsHour,24,330,https://www.youtube.com/watch?v=e4fJ_F0urwk,1670000,315,24,italy coronavirus outbreak spark lot panic
38,Full Hogan: 'This Thing Is Escalating So Rapidly' As Coronavirus Spreads | Meet The Press | NBC News,86000,NBC News,24,312,https://www.youtube.com/watch?v=y0Ge96Q3xR4,1960000,725,175,full hogan thing escalating rapidly coronavirus spread meet press nbc news
39,"At least 234 people have been diagnosed with coronavirus in US, according to CDC | ABC News",751000,ABC News,48,261,https://www.youtube.com/watch?v=jK7NJEvw7Wc,7860000,5480,564,least people diagnosed coronavirus u according cdc abc news
40,"At least 12 dead, 188 infected in US as coronavirus continues to spread | Nightline",1400000,ABC News,72,482,https://www.youtube.com/watch?v=7hB13abLQkE,7860000,13026,1806,least dead infected u coronavirus continues spread nightline
41,China hotel collapses with quarantined coronavirus patients inside,740000,ABC News,48,107,https://www.youtube.com/watch?v=0vbplrxtqKE,7860000,4303,664,china hotel collapse quarantined coronavirus patient inside
42,Who will save the world from a coronavirus recession? | Counting the Cost,184000,Al Jazeera English,24,92460,https://www.youtube.com/watch?v=OOXf4ni7K7E,4690000,1014,88,save world coronavirus recession counting cost
43,Italy plans large-scale quarantine in response to coronavirus outbreak,918000,Fox News,48,151,https://www.youtube.com/watch?v=6iQV02gi7fE,4440000,6007,854,italy plan largescale quarantine response coronavirus outbreak
44,21 people aboard Grand Princess cruise ship test positive for coronavirus: Pence | ABC News,71000,ABC News,72,69,https://www.youtube.com/watch?v=NSAHO-XcJew,7860000,490,102,people aboard grand princess cruise ship test positive coronavirus penny abc news
45,Doctor shares CDC's latest coronavirus warnings,525000,CBS This Morning,48,280,https://www.youtube.com/watch?v=0WeSAuoYsOQ,1230000,5693,466,doctor share cdc latest coronavirus warning
46,A second person in the UK has died from coronavirus,298000,Sky News,72,116,https://www.youtube.com/watch?v=D3UJwzhXtKM,1860000,2204,281,second person uk died coronavirus
47,First Coronavirus death in the UK as California declares state emergency,293000,Channel 4 News,96,924,https://www.youtube.com/watch?v=jeT75kZiHH4,1130000,1984,159,first coronavirus death uk california declares state emergency
48,Worried about the coronavirus? See this patient's advice,746000,CNN,48,308,https://www.youtube.com/watch?v=_O0IbLsZ3wA,8710000,5407,940,worried coronavirus see patient advice
49,Italy quarantines 16 million over coronavirus,138000,Al Jazeera English,48,134,https://www.youtube.com/watch?v=gRrjLwzyTLs,4690000,1032,53,italy quarantine million coronavirus
50,"ABC News Prime: Coronavirus global spread, Grand Princess cruise ship, Market meltdown",90000,ABC News,11,5106,https://www.youtube.com/watch?v=N_mu7TRI9TU,7860000,1193,329,abc news prime coronavirus global spread grand princess cruise ship market meltdown
51,Trump Admin Bungling Overshadows Crucial Coronavirus Advice: AP | Rachel Maddow | MSNBC,16000,MSNBC,3,177,https://www.youtube.com/watch?v=p7ut_TQ33Rg,2420000,1085,1078,trump admin bungling overshadows crucial coronavirus advice ap rachel maddow msnbc
52,Corona Virus के बारे में जनता की जानकारी | Q&A | Coronavirus Disease | COVID 19 | Precautions | WHO,127000,The Lallantop,72,277,https://www.youtube.com/watch?v=DoMTUTuDtGE,12000000,1589,239,corona virus qa coronavirus disease covid precaution
53,The Ingraham Angle Coronavirus Cold Open - SNL,4300000,Saturday Night Live,48,561,https://www.youtube.com/watch?v=XezLiezWN0E,9910000,50028,4141,ingraham angle coronavirus cold open snl
54,"Coronavirus: Second British death and more than 100,000 cases worldwide - BBC News",515000,BBC News,72,977,https://www.youtube.com/watch?v=nETgZwRuJPU,6530000,4234,324,coronavirus second british death case worldwide bbc news
55,New Cases Of Coronavirus Across U.S. Causes Criticism Of Trump's Response To Grow | NBC Nightly News,681000,NBC News,72,963,https://www.youtube.com/watch?v=ODNtD86cRso,1960000,4778,644,new case coronavirus across u cause criticism trump response grow nbc nightly news
56,CORONAVIRUS PANDEMIC EXPLAINED - CORONA OUTBREAK 2020,342000,MEDSimplified,96,607,https://www.youtube.com/watch?v=sWjYs7aILZ8,269000,5266,321,coronavirus pandemic explained corona outbreak
57,Briton who contracted coronavirus in Wuhan explains symptoms,202000,Guardian News,72,110,https://www.youtube.com/watch?v=PU2ut5Ark3Q,842000,1342,165,briton contracted coronavirus wuhan explains symptom
58,Trump Praises Coronavirus Response As Cases Rack Up And Markets Spiral | The 11th Hour | MSNBC,199000,MSNBC,72,301,https://www.youtube.com/watch?v=2cBZ77m9dHs,2420000,2272,199,trump praise coronavirus response case rack market spiral th hour msnbc
59,Coronavirus Task Force Gives Update On COVID-19 | NBC News (Live Stream),235000,NBC News,72,126660,https://www.youtube.com/watch?v=-kE8yd61MJU,1960000,1318,640,coronavirus task force give update covid nbc news live stream
60,PM reacts to UK's first coronavirus-related death,652000,Sky News,96,155,https://www.youtube.com/watch?v=AtfGK1eImRo,1860000,4723,799,pm reacts uk first coronavirusrelated death
61,Watch live: Gov. Cuomo holds coronavirus press briefing,136000,NBC News,48,161340,https://www.youtube.com/watch?v=x-ioSQSkfec,1960000,1085,206,watch live gov cuomo hold coronavirus press briefing
62,Coronavirus crisis in US as more cases are reported l ABC News,640000,ABC News,72,251,https://www.youtube.com/watch?v=Qow1al_afYQ,7860000,5024,732,coronavirus crisis u case reported l abc news
63,"Coronavirus coverage: Sunday, March 8 at 8 a.m.",34000,KING 5,24,260,https://www.youtube.com/watch?v=fhwGca6ZT-w,80000,277,20,coronavirus coverage sunday march
64,Coronavirus: Half of California cruise passengers test positive | Nine News Australia,101000,Nine News Australia,72,138,https://www.youtube.com/watch?v=BzGQ7pXJ998,280000,688,116,coronavirus half california cruise passenger test positive nine news australia
65,Coronavirus and pets: can my dog or cat spread the disease?,30000,Guardian News,72,190,https://www.youtube.com/watch?v=V4jw47bKQfw,842000,176,24,coronavirus pet dog cat spread disease
66,Former FDA chief warns of economic impact of coronavirus outbreak,47000,Face the Nation,24,375,https://www.youtube.com/watch?v=VA-LqgKMD2E,127000,482,31,former fda chief warns economic impact coronavirus outbreak
67,Coronavirus expert: 'War is an appropriate analogy',1600000,Channel 4 News,72,1193,https://www.youtube.com/watch?v=dcJDpV-igjs,1130000,21299,1303,coronavirus expert war appropriate analogy
68,Judge Jeanine: Media hit the panic button over coronavirus,243000,Fox News,24,546,https://www.youtube.com/watch?v=JNeYRwChLfE,4440000,8929,958,judge jeanine medium hit panic button coronavirus
69,Iran MP dies from coronavirus as total toll spikes,206000,Al Jazeera English,48,189,https://www.youtube.com/watch?v=C7aAs28KPEE,4690000,1607,96,iran mp dy coronavirus total toll spike
70,How US communities are reacting to coronavirus,273000,ABC News,72,342,https://www.youtube.com/watch?v=BiGWVklFFDw,7860000,2306,397,u community reacting coronavirus
71,"With the coronavirus, 'pay attention to the basics'",47000,PBS NewsHour,24,845,https://www.youtube.com/watch?v=1BSwS9Rmhys,1670000,609,38,coronavirus pay attention basic
72,"COVID-19 (Coronavirus Disease 19) - causes, symptoms, diagnosis, treatment, pathology",791000,Osmosis,504,741,https://www.youtube.com/watch?v=eup3_i_5uaw,1410000,13899,409,covid coronavirus disease cause symptom diagnosis treatment pathology
73,Neil deGrasse Tyson On Coronavirus: Will People Listen To Science?,2300000,The Late Show with Stephen Colbert,72,655,https://www.youtube.com/watch?v=jB4FUHHMI24,7240000,46406,2203,neil degrasse tyson coronavirus people listen science
74,What Is Coronavirus (COVID-19)?,397000,Johns Hopkins Medicine,336,271,https://www.youtube.com/watch?v=sHP0UIdZyI4,155000,2685,268,coronavirus covid
75,Bernie Sanders talks coronavirus on the campaign trail,344000,CNN,24,618,https://www.youtube.com/watch?v=UxiJ_bqD2Ds,8710000,5980,509,bernie sander talk coronavirus campaign trail
76,Italy scrambles to contain coronavirus outbreak,88000,CBS News,72,446,https://www.youtube.com/watch?v=XZVj8dEq5UA,2390000,436,61,italy scramble contain coronavirus outbreak
77,Chris Hayes: Trump Is Trying To BS His Way Through The Coronavirus Outbreak | All In | MSNBC,980000,MSNBC,72,676,https://www.youtube.com/watch?v=Ow5bhEi6EdY,2420000,18880,2185,chris hayes trump trying b way coronavirus outbreak msnbc
78,Coronavirus outbreak claims lives of more than a dozen Life Care Center residents,76000,KING 5,48,1422,https://www.youtube.com/watch?v=YcT9EQTj4qA,80000,902,71,coronavirus outbreak claim life dozen life care center resident
79,Novel coronavirus (2019-nCoV),2000000,World Health Organization (WHO),720,289,https://www.youtube.com/watch?v=mOV1aBVYKGA,181000,9813,575,novel coronavirus ncov
80,Coronavirus: How afraid should we be? | Question Time - BBC,151000,BBC,72,106500,https://www.youtube.com/watch?v=dCZaeLDDeBo,8150000,1370,295,coronavirus afraid question time bbc
81,Trump Keeps Lying About the Coronavirus Outbreak: A Closer Look,2300000,Late Night with Seth Meyers,96,562,https://www.youtube.com/watch?v=JiqFnKXf3do,3480000,36847,1818,trump keep lying coronavirus outbreak closer look
82,Coronavirus: Countries need to 'help each other' as deaths increase - BBC Newsnight,47000,BBC Newsnight,96,470,https://www.youtube.com/watch?v=yNxAmRAYagQ,519000,459,106,coronavirus country need help death increase bbc newsnight
83,Coronavirus cruise ship quarantined off California coast,201000,CBS This Morning,96,187,https://www.youtube.com/watch?v=Oi__oRijPnM,1230000,1524,169,coronavirus cruise ship quarantined california coast
84,Coronavirus: Cruise Ship Held Off California Coast After Passenger Dies | TODAY,233000,TODAY,96,307,https://www.youtube.com/watch?v=Cz0bTuYT93Y,1770000,1638,108,coronavirus cruise ship held california coast passenger dy today
85,"Coronavirus coverage: Saturday, March 7 at 5:00 p.m.",38000,KING 5,48,488,https://www.youtube.com/watch?v=0DT0ckKmQSM,80000,303,19,coronavirus coverage saturday march pm
86,Steve Wozniak talks to Sanjay Gupta about coronavirus scare,253000,CNN,72,472,https://www.youtube.com/watch?v=edxkrkKSVXU,8710000,2140,331,steve wozniak talk sanjay gupta coronavirus scare
87,Doctor Fact-Checks Media On Coronavirus,1900000,Doctor Mike,24,577,https://www.youtube.com/watch?v=5CRxyHU9Oxo,5200000,136466,1782,doctor factchecks medium coronavirus
88,Coronavirus Patient Explains The Worst Symptoms | NBC News,869000,NBC News,96,198,https://www.youtube.com/watch?v=NLGX2L9JLa8,1960000,7986,441,coronavirus patient explains worst symptom nbc news
89,"Coronavirus Symptoms, Diagnosis, Treatment, & Vaccine Status",1000000,MedCram - Medical Lectures Explained CLEARLY,720,273,https://www.youtube.com/watch?v=UCG3xqtcL3c,572000,10747,451,coronavirus symptom diagnosis treatment vaccine status
90,Johns Hopkins Experts Brief Capitol Hill on Coronavirus (COVID-19),161000,Johns Hopkins University,72,5348,https://www.youtube.com/watch?v=Pnk8DuAly9Y,20800,1654,169,john hopkins expert brief capitol hill coronavirus covid
91,The fallout from the new coronavirus now spreading coast to coast | WNT,463000,ABC News,72,208,https://www.youtube.com/watch?v=xoXjJd2Ae18,7860000,4667,268,fallout new coronavirus spreading coast coast wnt
92,Trump Is Not Telling The Truth About The Coronavirus | The 11th Hour | MSNBC,331000,MSNBC,96,337,https://www.youtube.com/watch?v=HbVjOmDAILg,2420000,2810,2254,trump telling truth coronavirus th hour msnbc
93,How to stop the spread of coronavirus,257000,Guardian News,120,271,https://www.youtube.com/watch?v=3jpXAMwRSu4,842000,1271,85,stop spread coronavirus
94,"Asian Americans see racism, discrimination amid coronavirus panic",165000,CBS This Morning,72,272,https://www.youtube.com/watch?v=Vc7y7TQe_Dg,1230000,3065,305,asian american see racism discrimination amid coronavirus panic
95,Scaramucci takes 'defensive position' as coronavirus outbreak affects economy,244000,CNN,120,611,https://www.youtube.com/watch?v=wQrGiDQXbrk,8710000,2331,340,scaramucci take defensive position coronavirus outbreak affect economy
96,"Coronavirus cases surpass 100,000 worldwide",41000,CBS Evening News,72,223,https://www.youtube.com/watch?v=z9wKnkEpnCU,692000,255,22,coronavirus case surpass worldwide
97,Coronavirus: doctors and nurses in Iran filmed dancing in bid to boost morale,146000,Guardian News,120,45,https://www.youtube.com/watch?v=wamoQYVI0ww,842000,1104,133,coronavirus doctor nurse iran filmed dancing bid boost morale
98,Coronavirus: China combats ever-strengthening disease,2600000,The Telegraph,720,104,https://www.youtube.com/watch?v=P6t3SxhvRuE,927000,10032,877,coronavirus china combat everstrengthening disease
99,The Virus: An in-depth look at the coronavirus crisis | ABC News,103000,ABC News (Australia),72,916,https://www.youtube.com/watch?v=qgfbfEbsp3I,922000,568,119,virus indepth look coronavirus crisis abc news
100,"213 dead, 9,692 cases of coronavirus confirmed in China",1500000,ARIRANG NEWS,720,183,https://www.youtube.com/watch?v=0YOVPIQuvAw,276000,8963,552,dead case coronavirus confirmed china
101,"Global National: March 5, 2020 | Coronavirus cases continue to rise in Canada and around the world",236000,Global News,96,1272,https://www.youtube.com/watch?v=ueA2d_TjTVU,1210000,1249,153,global national march coronavirus case continue rise canada around world
102,Coronavirus outbreak: Canadian WHO doctor returns from China with critical COVID-19 lessons,340000,Global News,96,707,https://www.youtube.com/watch?v=XUI6DIswmFk,1210000,3710,389,coronavirus outbreak canadian doctor return china critical covid lesson
103,Coronavirus: Inside the lab trying to fight Covid-19 - BBC Newsnight,12000,BBC Newsnight,72,306,https://www.youtube.com/watch?v=IQkxHovgHYk,519000,115,9,coronavirus inside lab trying fight covid bbc newsnight
104,Coronavirus Explained: What happens next? - BBC News,374000,BBC News,96,599,https://www.youtube.com/watch?v=Mj81jKkQMOg,6530000,3677,1099,coronavirus explained happens next bbc news
105,Coronavirus in Hindi | Coronavirus Latest Update | Coronavirus Symptoms in Humans | Corona-Virus,685000,Magnet Brains,168,991,https://www.youtube.com/watch?v=ECXJoqSvIys,132000,14075,901,coronavirus hindi coronavirus latest update coronavirus symptom human coronavirus
106,Coronavirus: what we know so far about the outbreak spreading in China and abroad,2600000,South China Morning Post,720,327,https://www.youtube.com/watch?v=Zru5REL9ANg,920000,15875,1205,coronavirus know far outbreak spreading china abroad
107,"ABC News Prime: Coronavirus global spread, White House response, Women's History Month",95000,ABC News,72,3646,https://www.youtube.com/watch?v=Kh1_rS8Dodw,7860000,996,153,abc news prime coronavirus global spread white house response woman history month
108,Can we stop the panic over Coronavirus? | Inside Story,217000,Al Jazeera English,48,89760,https://www.youtube.com/watch?v=Km9jHPuHGfc,4690000,1808,300,stop panic coronavirus inside story
109,Our Doctors Answer Your Coronavirus Questions | This Morning,106000,This Morning,72,646,https://www.youtube.com/watch?v=4-Ce9Q1CtGE,1660000,1130,105,doctor answer coronavirus question morning
110,Q&A How to protect yourself when travelling during the coronavirus (COVID-2019) outbreak.,377000,World Health Organization (WHO),504,1365,https://www.youtube.com/watch?v=0KBvReECRrI,181000,881,286,qa protect travelling coronavirus covid outbreak
111,Coronavirus: 55 people exposed to disease in Australia | Nine News Australia,682000,Nine News Australia,120,542,https://www.youtube.com/watch?v=mHcwX2yiLkU,280000,4151,711,coronavirus people exposed disease australia nine news australia
112,Britain hit by surge in coronavirus cases,999000,Sky News,120,199,https://www.youtube.com/watch?v=4DdNwX9n7dw,1860000,5906,527,britain hit surge coronavirus case
113,Why It's Not A Time For Trump's Hunches On Coronavirus | Morning Joe | MSNBC,502000,MSNBC,96,536,https://www.youtube.com/watch?v=JQjqxO7N08I,2420000,5839,806,time trump hunch coronavirus morning joe msnbc
114,Coronavirus outbreak: Mother of sick daughter from virus-hit region pleads for help,3800000,Global News,720,224,https://www.youtube.com/watch?v=NytLE5ECa8M,1210000,27580,1772,coronavirus outbreak mother sick daughter virushit region pleads help
115,Coronavirus death toll climbs in US l ABC News,511000,ABC News,120,166,https://www.youtube.com/watch?v=8uybFoGCzOo,7860000,4361,593,coronavirus death toll climb u l abc news
116,State Of Emergency In Los Angeles County Over Coronavirus Outbreak | NBC Nightly News,2100000,NBC News,120,515,https://www.youtube.com/watch?v=FYpl_5cWWfU,1960000,15585,2042,state emergency los angeles county coronavirus outbreak nbc nightly news
117,"Is the coronavirus outbreak in Wuhan, China under control? | ITV News",221000,ITV News,120,134,https://www.youtube.com/watch?v=TY4El-CEHQs,433000,1072,200,coronavirus outbreak wuhan china control itv news
118,Chris Hayes On Trump’s Failing Response To Coronavirus | All In | MSNBC,371000,MSNBC,120,298,https://www.youtube.com/watch?v=hWc2A-BwKnM,2420000,8868,437,chris hayes trump failing response coronavirus msnbc
119,Coronavirus in China: The fight against the outbreak,2000000,CBC News: The National,720,172,https://www.youtube.com/watch?v=V0qxJzv3ssc,660000,7087,726,coronavirus china fight outbreak
120,क्या Chicken खाने से हो सकता है कोरोना वायरस? | Coronavirus China in Hindi | Coronavirus India News,1100000,Adda247,504,832,https://www.youtube.com/watch?v=mjkjP51tznk,3540000,18121,2037,chicken coronavirus china hindi coronavirus india news
121,Coronavirus: Death toll rises as virus spreads to every Chinese region - BBC News,3600000,BBC News,720,612,https://www.youtube.com/watch?v=6vHEJL-RVMk,6530000,28047,1961,coronavirus death toll rise virus spread every chinese region bbc news
122,What Washington’s response to coronavirus tells us,157000,CNN,96,368,https://www.youtube.com/watch?v=rljfwYO5zZg,8710000,1401,841,washington response coronavirus tell u
123,Coronavirus: Italy to close all schools as deaths rise - BBC News,1100000,BBC News,120,733,https://www.youtube.com/watch?v=PGjeMDpIf8M,6530000,9319,694,coronavirus italy close school death rise bbc news
124,Spike in coronavirus cases and fatalities around the world,828000,ABC News,168,226,https://www.youtube.com/watch?v=eVmQDR4vKRM,7860000,7903,888,spike coronavirus case fatality around world
125,What happens to your body when you get coronavirus,1100000,The Telegraph,120,126,https://www.youtube.com/watch?v=2bI5pQGXl2o,927000,11282,649,happens body get coronavirus
126,"‘Please take my daughter’, pleads mother of cancer patient at coronavirus blockade in China",1200000,South China Morning Post,720,182,https://www.youtube.com/watch?v=hP6ycqZmYc4,920000,14018,544,please take daughter pleads mother cancer patient coronavirus blockade china
127,Trump Doubts Coronavirus Science,1000000,Jimmy Kimmel Live,96,462,https://www.youtube.com/watch?v=IiUCja0a8kc,16300000,16468,1035,trump doubt coronavirus science
128,How Coronavirus Kills: Acute Respiratory Distress Syndrome (ARDS) & Treatment,2100000,MedCram - Medical Lectures Explained CLEARLY,720,665,https://www.youtube.com/watch?v=okg7uq_HrhQ,572000,35980,1074,coronavirus kill acute respiratory distress syndrome ards treatment
129,"Coronavirus: Can China contain outbreak that has infected 2,700 people?",1400000,Channel 4 News,720,668,https://www.youtube.com/watch?v=2rUyz8MXorU,1130000,9873,698,coronavirus china contain outbreak infected people
130,Última hora El Tiempo: se confirma primer caso de coronavirus en Colombia,596000,EL TIEMPO,72,7176,https://www.youtube.com/watch?v=E3mZZ-tr9AM,455000,1327,167,ltima hora el tiempo se confirma primer caso de coronavirus en colombia
131,Coronavirus may have originated from Wuhan market,2200000,CBS News,720,418,https://www.youtube.com/watch?v=-JFC81JEoIw,2390000,8793,1346,coronavirus may originated wuhan market
132,Coronavirus and warm weather: Explaining the potential impact of seasonality,96000,Washington Post,144,201,https://www.youtube.com/watch?v=bLr09SVhqsQ,992000,715,114,coronavirus warm weather explaining potential impact seasonality
133,"Coronavirus deaths in Italy at 79, China cases slow",230000,Al Jazeera English,144,134,https://www.youtube.com/watch?v=XJU-4kQr_6o,4690000,1097,92,coronavirus death italy china case slow
134,The potential problems with stockpiling for coronavirus outbreak,64000,CBC News: The National,120,118,https://www.youtube.com/watch?v=CiIwOo0nXAQ,660000,443,164,potential problem stockpiling coronavirus outbreak
135,Sadhguru on Coronavirus Outbreak in China,2100000,Sadhguru,672,505,https://www.youtube.com/watch?v=mP-mCfo4-f8,4430000,48335,2840,sadhguru coronavirus outbreak china
136,What is the coronavirus?,8100000,Guardian News,720,221,https://www.youtube.com/watch?v=aerq4byr7ps,842000,168391,3958,coronavirus
137,Coronavirus updates for Friday March 6 - noon,34000,KING 5,72,408,https://www.youtube.com/watch?v=T-9vqfzYWE4,80000,221,16,coronavirus update friday march noon
138,Coronavirus Q&A: Expert answers your questions on Covid-19,245000,Channel 4 News,120,86640,https://www.youtube.com/watch?v=9plB00gdlkk,1130000,2196,290,coronavirus qa expert answer question covid
139,Coronavirus: Das wissen wir über Covid-19 | Quarks Extra,219000,Quarks,48,1041,https://www.youtube.com/watch?v=WReBrwIllao,350000,4835,316,coronavirus da wissen wir ber covid quark extra
140,Coronavirus: Is Britain Ready? | Documentary,994000,Channel 4 News,504,89640,https://www.youtube.com/watch?v=ZBOwFBu05c8,1130000,6999,746,coronavirus britain ready documentary
141,Trump says he will not stop campaign rallies over coronavirus,155000,CBS This Morning,48,175,https://www.youtube.com/watch?v=t1PzqP-oolc,1230000,1080,501,trump say stop campaign rally coronavirus
142,China Is Censoring Coronavirus Stories. These Citizens Are Fighting Back. | NYT News,1200000,The New York Times,336,249,https://www.youtube.com/watch?v=m5fsidSOJMw,2540000,23722,1300,china censoring coronavirus story citizen fighting back nyt news
143,"Coronavirus outbreak: President Donald Trump confirms 1st death in U.S., talks virus response",641000,Global News,168,188400,https://www.youtube.com/watch?v=Cn9AZKmuMZI,1210000,5792,2135,coronavirus outbreak president donald trump confirms st death u talk virus response
144,CDC warns coronavirus outbreak will worsen,710000,ABC News,168,265,https://www.youtube.com/watch?v=byU_N9iHBFY,7860000,6563,466,cdc warns coronavirus outbreak worsen
145,Get the facts on coronavirus,2700000,CBC News,720,310,https://www.youtube.com/watch?v=kIL5m5XznNY,1850000,36684,1521,get fact coronavirus
146,Coronavirus explained,271000,CNET,168,363,https://www.youtube.com/watch?v=hZDX08RcPmg,2540000,3435,353,coronavirus explained
147,"China Says Coronavirus Cases Rise to 70,548, Deaths Hit 1,770",1000000,Bloomberg Markets and Finance,504,404,https://www.youtube.com/watch?v=yWhYloc7164,557000,4415,694,china say coronavirus case rise death hit
148,Coronavirus: First children infected in Italy - BBC News,998000,BBC News,168,470,https://www.youtube.com/watch?v=i0ShJruunDE,6530000,7836,534,coronavirus first child infected italy bbc news
149,"Coronavirus: World must prepare for pandemic, says WHO - BBC News",1900000,BBC News,336,814,https://www.youtube.com/watch?v=UcxHL8LHI_A,6530000,17979,1528,coronavirus world must prepare pandemic say bbc news
150,Coronavirus to infect 70% of humanity and become new seasonal disease: Expert,414000,ARIRANG NEWS,168,144,https://www.youtube.com/watch?v=cHv0-oyowrk,276000,3129,335,coronavirus infect humanity become new seasonal disease expert
151,Nurses battle against coronavirus outbreak in China,1100000,South China Morning Post,720,127,https://www.youtube.com/watch?v=IvC3e5a1wzo,920000,6427,374,nurse battle coronavirus outbreak china
152,Coronavirus v Influenza: How do the two viruses compare? - BBC News,290000,BBC News,144,272,https://www.youtube.com/watch?v=3AgxeIVrH24,6530000,2684,270,coronavirus v influenza two virus compare bbc news
153,Coronavirus on every continent except Antarctica | DW News,350000,DW News,168,488,https://www.youtube.com/watch?v=8mWxH6Bu52I,1060000,3771,286,coronavirus every continent except antarctica dw news
154,"Coronavirus: the symptoms, the risks and how to avoid being infected",355000,Channel 4 News,336,490,https://www.youtube.com/watch?v=YU5yJI9cWD0,1130000,2640,927,coronavirus symptom risk avoid infected
155,Coronavirus whistleblower doctor is online hero in China,2000000,CNN,720,177,https://www.youtube.com/watch?v=eEUqCxP5Lvc,8710000,23814,996,coronavirus whistleblower doctor online hero china
156,"Alexandria Ocasio-Cortez Talks Coronavirus, the 2020 Election and the Youth Vote",751000,Late Night with Seth Meyers,96,377,https://www.youtube.com/watch?v=8_WZym7ZJXE,3480000,16304,822,alexandria ocasiocortez talk coronavirus election youth vote
157,Dems Battle it Out & Trump Cures Coronavirus!,1200000,Jimmy Kimmel Live,144,533,https://www.youtube.com/watch?v=DxB9ItqydK0,16300000,18925,1090,dems battle trump cure coronavirus
158,"Coronavirus: Italy infections jump 50 per cent in 24 hours - as global death toll pass 3,000",790000,Channel 4 News,168,1424,https://www.youtube.com/watch?v=jR7XCdSmtf4,1130000,5400,576,coronavirus italy infection jump per cent hour global death toll pas
159,Coronavirus outbreak: What went wrong in the early days,902000,CBC News: The National,336,533,https://www.youtube.com/watch?v=uE6SXsrspUg,660000,6748,1639,coronavirus outbreak went wrong early day
160,How coronavirus (Covid-19) spread day by day,545000,Channel 4 News,504,707,https://www.youtube.com/watch?v=Zl0V-OhZYk4,1130000,4779,726,coronavirus covid spread day day
161,Iran coronavirus outbreak: Highest death toll outside China,102000,CGTN,168,1193,https://www.youtube.com/watch?v=PljvaUk9oQg,1240000,528,74,iran coronavirus outbreak highest death toll outside china
162,"Coronavirus: W.H.O expert explains mortality rate & threat to kids, after trip to Wuhan",570000,Channel 4 News,120,811,https://www.youtube.com/watch?v=Q2_FkyY3BOM,1130000,5906,786,coronavirus expert explains mortality rate threat kid trip wuhan
163,Coronavirus: Iran and South Korea deploy military | DW News,653000,DW News,144,322,https://www.youtube.com/watch?v=qCteAaPABMM,1060000,5827,293,coronavirus iran south korea deploy military dw news
164,Everything you need to know about coronavirus COVID-19 | 7.30,299000,ABC News (Australia),144,103740,https://www.youtube.com/watch?v=TV20ucwKGmg,922000,1921,294,everything need know coronavirus covid
165,CDC Investigating Possible Coronavirus Outbreak After 1st US Death Reported | Sunday TODAY,350000,TODAY,168,233,https://www.youtube.com/watch?v=Dp-vcNZMLuY,1770000,2375,306,cdc investigating possible coronavirus outbreak st u death reported sunday today
166,Coronavirus outbreak: Be prepared to delay upcoming holidays because of COVID-19,418000,Global News,168,458,https://www.youtube.com/watch?v=YOteXc3EIkY,1210000,2502,405,coronavirus outbreak prepared delay upcoming holiday covid
167,China coronavirus deaths and cases spike - BBC News,1100000,BBC News,504,376,https://www.youtube.com/watch?v=RHl8Lh67bnY,6530000,8870,848,china coronavirus death case spike bbc news
168,Is The US Prepared For A Coronavirus Outbreak? | TODAY,270000,TODAY,168,254,https://www.youtube.com/watch?v=Icr7xADIoas,1770000,1815,168,u prepared coronavirus outbreak today
169,Bats For Sale at Indonesia Market Despite Coronavirus Warning,961000,VOA News,504,182,https://www.youtube.com/watch?v=B_-rbv0tp2k,838000,2906,3685,bat sale indonesia market despite coronavirus warning
170,Patient with coronavirus speaks out,1300000,CBC News,504,630,https://www.youtube.com/watch?v=TAafDOqfN3M,1850000,13263,1651,patient coronavirus speaks
171,How Costco is Handling Panicked Coronavirus Shoppers,1400000,Inside Edition,72,103,https://www.youtube.com/watch?v=CsF6ezLOMC4,7230000,13270,852,costco handling panicked coronavirus shopper
172,Coronavirus outbreak at Washington nursing home raises fear,78000,CBS This Morning,144,176,https://www.youtube.com/watch?v=PubEl8IIzbo,1230000,450,130,coronavirus outbreak washington nursing home raise fear
173,Coronavirus: South Korea has seen its confirmed cases spike - BBC News,1400000,BBC News,336,735,https://www.youtube.com/watch?v=qviEp0Tz6uQ,6530000,10521,756,coronavirus south korea seen confirmed case spike bbc news
174,Robert-Koch-Institut informiert über Corona-Virus,179000,tagesschau,72,405,https://www.youtube.com/watch?v=8gE5-vUDl4g,453000,1762,144,robertkochinstitut informiert ber coronavirus
175,He tested positive for coronavirus.  Hear how he feels now,394000,CNN,96,381,https://www.youtube.com/watch?v=nORRqnxPDcQ,8710000,3791,432,tested positive coronavirus hear feel
176,Italy hit hard by coronavirus outbreak,274000,CBS News,168,271,https://www.youtube.com/watch?v=qga88FlhUQY,2390000,1670,132,italy hit hard coronavirus outbreak
177,What Is Coronavirus?,1500000,QuickTake by Bloomberg,720,137,https://www.youtube.com/watch?v=qO8QWq1K1_c,173000,22016,950,coronavirus
178,Los Angeles County Officials Make Coronavirus Announcement | NBC News (Live Stream Recording),194000,NBC News,120,148140,https://www.youtube.com/watch?v=z66UeY90Dq8,1960000,1083,264,los angeles county official make coronavirus announcement nbc news live stream recording
179,"Coronavirus: WHO Says Death Toll Rising, Expert Says 80% Of Cases ‘Spontaneously Recover’ | NBC News",946000,NBC News,144,579,https://www.youtube.com/watch?v=fbqD5zD-yXg,1960000,6299,785,coronavirus say death toll rising expert say case spontaneously recover nbc news
180,The coronavirus conspiracy: is there a cover-up in China?,439000,Channel 4 News,168,473,https://www.youtube.com/watch?v=rM0S5sc50jA,1130000,4556,607,coronavirus conspiracy coverup china
181,This Couple is Fighting the Coronavirus Side by Side in Wuhan,786000,QuickTake by Bloomberg,168,139,https://www.youtube.com/watch?v=n0y63uG02sY,173000,10075,476,couple fighting coronavirus side side wuhan
182,Coronavirus outbreak panic spreads globally,876000,CBS This Morning,168,345,https://www.youtube.com/watch?v=nMjWwvmvrJI,1230000,7043,823,coronavirus outbreak panic spread globally
183,First Brit to Contract Coronavirus Reveals His Experience | This Morning,346000,This Morning,168,584,https://www.youtube.com/watch?v=QAPKveL6x2E,1660000,3131,249,first brit contract coronavirus reveals experience morning
184,Coronavirus Outbreak - Transmission & Updates Explained,822000,MedCram - Medical Lectures Explained CLEARLY,720,396,https://www.youtube.com/watch?v=9vMXSkKLg2I,572000,10339,432,coronavirus outbreak transmission update explained
185,Italy struggles to contain new coronavirus outbreak l ABC News,456000,ABC News,336,222,https://www.youtube.com/watch?v=nRnf-mHBrF8,7860000,3711,243,italy struggle contain new coronavirus outbreak l abc news
186,Coronavirus: Iran's deputy health minister tests positive as outbreak worsens - BBC News,2200000,BBC News,168,829,https://www.youtube.com/watch?v=VS0cRj3a0Qk,6530000,20184,1180,coronavirus iran deputy health minister test positive outbreak worsens bbc news
187,Coronavirus: un médecin contaminé témoigne,648000,BFMTV,120,173,https://www.youtube.com/watch?v=DaUNp1NWSzQ,621000,8807,554,coronavirus un mdecin contamin tmoigne
188,"Coronavirus Epidemic Update 29: Testing problems, mutations, COVID-19 in Washington & Iran",413000,MedCram - Medical Lectures Explained CLEARLY,144,892,https://www.youtube.com/watch?v=XjEacUyp4vY,572000,8314,209,coronavirus epidemic update testing problem mutation covid washington iran
189,Trump and Dr. Anthony Fauci speak at NIH on coronavirus,110000,CBS News,144,407,https://www.youtube.com/watch?v=N_TVcutvLbo,2390000,673,171,trump dr anthony fauci speak nih coronavirus
190,Officials warn coronavirus will affect more Americans after Chicago woman diagnosed,786000,ABC News,720,220,https://www.youtube.com/watch?v=-S3ED24fbwI,7860000,11292,435,official warn coronavirus affect american chicago woman diagnosed
191,Coronavirus: How could it be stopped? – BBC Newsnight,1100000,BBC Newsnight,720,714,https://www.youtube.com/watch?v=o9lVJ6IlE4k,519000,11088,1035,coronavirus could stopped bbc newsnight
192,Trump attempts to ease coronavirus fears during press conference,1300000,Fox News,168,196440,https://www.youtube.com/watch?v=VdpxKcflza4,4440000,20008,4554,trump attempt ease coronavirus fear press conference
193,Coronavirus now spreading faster outside of China - amid pandemic fears,736000,Channel 4 News,168,1023,https://www.youtube.com/watch?v=04oPyYIj8is,1130000,4990,718,coronavirus spreading faster outside china amid pandemic fear
194,'Coronavirus stabilizing infection rate is not a sign of relief' experts warn | DW News,564000,DW News,720,360,https://www.youtube.com/watch?v=FdNlVbJ4mS8,1060000,5919,635,coronavirus stabilizing infection rate sign relief expert warn dw news
195,Coronavirus: New global outbreaks emerge - BBC News,1900000,BBC News,336,697,https://www.youtube.com/watch?v=HL3TpRQ-oa4,6530000,17894,1606,coronavirus new global outbreak emerge bbc news
196,Pope Francis taken ill as coronavirus sweeps Italy,738000,The Telegraph,168,74,https://www.youtube.com/watch?v=BGW1iL88Fws,927000,4165,1041,pope francis taken ill coronavirus sweep italy
197,Coronavirus | Zondag met Lubach (S11),1100000,vpro zondag met lubach,168,861,https://www.youtube.com/watch?v=O1YZ7XZSPvE,602000,28899,835,coronavirus zondag met lubach
198,Doctor Explains How To Avoid Coronavirus | TODAY,220000,TODAY,144,161,https://www.youtube.com/watch?v=fduo__o4AVY,1770000,2040,91,doctor explains avoid coronavirus today
199,¡El Coronavirus en 4 minutos! - (Actualización) (Animación),411000,Juan Cano MD,168,269,https://www.youtube.com/watch?v=FrlpMx0Kzfw,9270,5042,323,el coronavirus en minutos actualizacin animacin
200,CORONAVIRUS IN DEUTSCHLAND: Spahn will wegen Covid-19 alle Großveranstaltungen absagen,150000,WELT Nachrichtensender,24,267,https://www.youtube.com/watch?v=wPtl4i26OAY,407000,1376,250,coronavirus deutschland spahn wegen covid alle groveranstaltungen absagen
201,Nurses pay a heavy price as China fights coronavirus epidemic,395000,Al Jazeera English,336,111,https://www.youtube.com/watch?v=MbpYBSpCjjU,4690000,3856,221,nurse pay heavy price china fight coronavirus epidemic
202,Over 100 Coronavirus Cases Confirmed In US; More Deaths In Washington State | TODAY,684000,TODAY,144,182,https://www.youtube.com/watch?v=YE6alcjmUfs,1770000,6434,719,coronavirus case confirmed u death washington state today
203,Coronavirus: Worst-hit countries boost containment efforts - BBC News,721000,BBC News,168,593,https://www.youtube.com/watch?v=LBXhjlxLnhQ,6530000,5280,564,coronavirus worsthit country boost containment effort bbc news
204,"Coronavirus claims first lives in US, Australia, Thailand | DW News",185000,DW News,168,286,https://www.youtube.com/watch?v=a91_dTaJf2o,1060000,1876,109,coronavirus claim first life u australia thailand dw news
205,Global effort to contain the coronavirus,1300000,ABC News,720,243,https://www.youtube.com/watch?v=kkSmm7NdHn0,7860000,12610,713,global effort contain coronavirus
206,"Coronavirus: Iran's deaths at least 210, hospital sources say - BBC News",717000,BBC News,168,235,https://www.youtube.com/watch?v=mPAh2iCOUJc,6530000,5200,336,coronavirus iran death least hospital source say bbc news
207,CORONAVIRUS IN DEUTSCHLAND: Erster Deutscher nachweislich an Covid-19 gestorben,102000,WELT Nachrichtensender,24,136,https://www.youtube.com/watch?v=tPbQ6oeIx50,407000,1113,138,coronavirus deutschland erster deutscher nachweislich covid gestorben
208,Coronavirus death toll rises in U.S.,337000,CBS Evening News,168,210,https://www.youtube.com/watch?v=235_Li3_3oM,692000,2691,427,coronavirus death toll rise u
209,Coronavirus has spread to nearly 30 countries,510000,ABC News,336,311,https://www.youtube.com/watch?v=lSAm6XzIFyQ,7860000,4611,262,coronavirus spread nearly country
210,Latest details into Coronavirus and China l ABC News,538000,ABC News,720,435,https://www.youtube.com/watch?v=CuQYAR_PdPQ,7860000,3282,391,latest detail coronavirus china l abc news
211,"Trump Calls Criticism of His Coronavirus Response a ""Hoax"" as Concerns Grow: A Closer Look",2500000,Late Night with Seth Meyers,168,605,https://www.youtube.com/watch?v=7mgZ5xk1g1M,3480000,34453,1238,trump call criticism coronavirus response hoax concern grow closer look
212,Just how contagious is the coronavirus?,335000,CNBC Television,504,344,https://www.youtube.com/watch?v=iSbZ9EkZpyg,430000,2451,325,contagious coronavirus
213,WELT HINTERGRUND: Coronavirus in Deutschland - Wann muss ich in Covid-19-Quarantäne,87000,WELT Nachrichtensender,96,434,https://www.youtube.com/watch?v=9GSEuXkfwj8,407000,431,247,welt hintergrund coronavirus deutschland wann mus ich covidquarantne
214,Coronavirus explained: Where it came from and how to stop it | DW News,603000,DW News,720,202,https://www.youtube.com/watch?v=AYlzyQnSGD8,1060000,4180,398,coronavirus explained came stop dw news
215,Epidemiologist predicts effects of coronavirus in the months ahead,1200000,CBS Evening News,168,380,https://www.youtube.com/watch?v=iDelUkpFm60,692000,12508,1047,epidemiologist predicts effect coronavirus month ahead
216,Coronavirus: Is This How We Die? | The Daily Show,4200000,The Daily Show with Trevor Noah,168,528,https://www.youtube.com/watch?v=uEmUJcHysds,6520000,81510,4023,coronavirus die daily show
217,Coronavirus: Aumentan los números del virus en EE.UU. | Al Rojo Vivo | Telemundo,307000,Al Rojo Vivo,120,349,https://www.youtube.com/watch?v=v-1MEJ8D1-k,2570000,4606,224,coronavirus aumentan los nmeros del virus en eeuu al rojo vivo telemundo
218,Coronavirus spreads to every continent except Antarctica,163000,CNN,168,431,https://www.youtube.com/watch?v=4w2MCjIDJ3Q,8710000,1117,217,coronavirus spread every continent except antarctica
219,El coronavirus chino explicado por un virólogo,2800000,UBUinvestiga,720,945,https://www.youtube.com/watch?v=AhJpNEfIFYo,23300,32706,3202,el coronavirus chino explicado por un virlogo
220,"American teacher documents life in Wuhan, center of coronavirus | USA TODAY",915000,USA TODAY,720,194,https://www.youtube.com/watch?v=7cLmOibP49o,1360000,9747,950,american teacher document life wuhan center coronavirus usa today
221,Coronavirus: How the deadly epidemic sparked a global emergency | Four Corners,6100000,ABC News In-depth,336,165120,https://www.youtube.com/watch?v=ycrqXJYf1SU,194000,44194,4038,coronavirus deadly epidemic sparked global emergency four corner
222,Chinese scientists says COVID-19/coronavirus could have originated from government ...,3500000,ARIRANG NEWS,504,121,https://www.youtube.com/watch?v=ZC0gww2yznI,276000,12926,1443,chinese scientist say covidcoronavirus could originated government
223,CORONAVIRUS IN EUROPA: Sperrzone - Die Lage in Italien spitzt sich dramatisch zu,108000,WELT Nachrichtensender,48,104400,https://www.youtube.com/watch?v=UqcyEdMyAvM,407000,669,324,coronavirus europa sperrzone die lage italien spitzt sich dramatisch zu
224,New US coronavirus case puts officials on high alert l ABC News,654000,ABC News,168,184,https://www.youtube.com/watch?v=YRIdgTx5zPU,7860000,5676,531,new u coronavirus case put official high alert l abc news
225,Everything Is Stupid - Coronavirus Misinformation & Racism | The Daily Show,2100000,The Daily Show with Trevor Noah,504,263,https://www.youtube.com/watch?v=1Jn03wW0Slw,6520000,47035,1439,everything stupid coronavirus misinformation racism daily show
226,Coronavirus: Last Week Tonight with John Oliver (HBO),10000000,LastWeekTonight,168,1210,https://www.youtube.com/watch?v=c09m5f7Gnic,7660000,251522,9689,coronavirus last week tonight john oliver hbo
227,How to prepare for the Coronavirus COVID-19,98000,City Prepping,24,1311,https://www.youtube.com/watch?v=D0SInT9eYbI,309000,4679,168,prepare coronavirus covid
228,Infectious disease specialists express their knowledge on the coronavirus,1300,WPLG Local 10,24,862,https://www.youtube.com/watch?v=ZcHkQ0Q223g,116000,27,4,infectious disease specialist express knowledge coronavirus
229,Coronavirus questions answered,1500000,CBC News: The National,720,360,https://www.youtube.com/watch?v=QnSbyoXnyRo,660000,13308,1140,coronavirus question answered
230,"What is the coronavirus? Everything you need to know about symptoms, how to stay safe and what next",365000,The Telegraph,720,163,https://www.youtube.com/watch?v=O_qCAO59G84,927000,2175,158,coronavirus everything need know symptom stay safe next
231,¿Qué es el Coronavirus? Causas y origen,669000,Top Doctors LATAM,336,293,https://www.youtube.com/watch?v=HSGbs0GwJUM,51600,7559,488,qu e el coronavirus causa origen
232,Why New Coronavirus (COVID-2019) Could Be Deadlier Pandemic Than SARS,808000,The Infographics Show,720,479,https://www.youtube.com/watch?v=YF84jzrTPq4,7450000,20271,1313,new coronavirus covid could deadlier pandemic sars
233,Coronavirus declared a global health emergency,643000,CNN,720,553,https://www.youtube.com/watch?v=eHBOJtFK9V0,8710000,5777,709,coronavirus declared global health emergency
234,Is China losing control of the coronavirus outbreak? I Inside Story,656000,Al Jazeera English,504,90480,https://www.youtube.com/watch?v=G_04KMhOavg,4690000,4627,491,china losing control coronavirus outbreak inside story
235,"Coronavirus: La OMS alertó que el mundo debe prepararse para ""una posible pandemia"" | #TPANoticias",1000000,Televisión Pública Noticias,336,593,https://www.youtube.com/watch?v=2xHl0DoqBwU,84800,5021,509,coronavirus la oms alert que el mundo debe prepararse para una posible pandemia tpanoticias
236,China को मिल गयी Coronavirus की Medicine ?  | Tez Special Report,1100000,Tez,96,846,https://www.youtube.com/watch?v=ZsaO43pN7rA,3930000,13255,1696,china coronavirus medicine tez special report
237,Coronavirus en Chine : les vidéos décryptées,351000,Le Monde,168,406,https://www.youtube.com/watch?v=xBpn43qA-ns,761000,7808,414,coronavirus en chine le vidos dcryptes
238,CORONAVIRUS - What They're Not Telling Us,320000,Wranglerstar,168,450,https://www.youtube.com/watch?v=OdPgcIcc_5g,1470000,13820,1101,coronavirus theyre telling u
239,CORONAVIRUS en ITALIA: Calles vacías y supermercados desabastecidos,402000,EL PAIS,336,185,https://www.youtube.com/watch?v=VO2VHa3wwS4,868000,4043,182,coronavirus en italia calles vacas supermercados desabastecidos
240,El coronavirus y la censura en China,410000,DW Español,504,146,https://www.youtube.com/watch?v=rsedO_pkIwM,672000,4107,290,el coronavirus la censura en china
241,Trump’s Flailing Response to the Coronavirus Outbreak: A Closer Look,3100000,Late Night with Seth Meyers,168,636,https://www.youtube.com/watch?v=lKAlwCCd_hU,3480000,39787,2541,trump flailing response coronavirus outbreak closer look
242,Coronavirus Quarantine Survivor Keeps Coughing on TV,2600000,Inside Edition,168,156,https://www.youtube.com/watch?v=z5PXh4U8CJs,7230000,37594,1631,coronavirus quarantine survivor keep coughing tv
243,Weekend Update: Trump Talks Coronavirus - SNL,2800000,Saturday Night Live,168,336,https://www.youtube.com/watch?v=sGFkad-N-kk,9910000,34266,1611,weekend update trump talk coronavirus snl
244,Coronavirus (COVID-19) Autopsy Report Analysis by Dr. Mike Hansen,1000000,Doctor Mike Hansen,336,623,https://www.youtube.com/watch?v=V-7SQGPkijs,61500,43875,822,coronavirus covid autopsy report analysis dr mike hansen
245,Inside Wuhan: Daily life in China's coronavirus quarantine zone,9400000,Channel 4 News,720,471,https://www.youtube.com/watch?v=luztqxUBvZo,1130000,114846,4317,inside wuhan daily life china coronavirus quarantine zone
246,Coronavirus & Me: Ben Kavanagh’s journey - from quarantine in Wuhan to Wirral,1100000,Channel 4 News,504,1313,https://www.youtube.com/watch?v=Y-GB9EYqAGM,1130000,22469,768,coronavirus ben kavanaghs journey quarantine wuhan wirral
247,Coronavirus: China bans citizens from leaving their homes | DW News,482000,DW News,504,623,https://www.youtube.com/watch?v=zfVbtAI58os,1060000,4385,275,coronavirus china ban citizen leaving home dw news
248,Coronavirus: Revelan las 3 fases del virus que ataca a cada persona de manera diferente | Telemundo,1700000,Al Rojo Vivo,168,267,https://www.youtube.com/watch?v=mKnMfu6XU4s,2570000,24234,1440,coronavirus revelan la fas del virus que ataca cada persona de manera diferente telemundo
249,"Coronavirus, l'intervista integrale di Corrado Formigli a Massimo Galli",29000,La7 Attualità,24,854,https://www.youtube.com/watch?v=C7e3ETlERss,520000,288,30,coronavirus lintervista integrale di corrado formigli massimo galli
250,WELT THEMA: Coronavirus-Epidemie - Covid-19 hat Deutschland fest im Würgegriff,158000,WELT Nachrichtensender,144,729,https://www.youtube.com/watch?v=FroEJJTqpwY,407000,905,964,welt thema coronavirusepidemie covid hat deutschland fest im wrgegriff
251,Coronavirus: Die Wahrheit über den neuartigen Coronavirus! | Possoch klärt | BR24,1800000,BR24,720,659,https://www.youtube.com/watch?v=CxzQtg-zIJo,75400,47379,2724,coronavirus die wahrheit ber den neuartigen coronavirus possoch klrt br
252,"Le Coronavirus (SARS-CoV-2), un vrai danger ?",1400000,Dr Nozman,72,629,https://www.youtube.com/watch?v=P_5x1wYcpkc,3530000,150193,1254,le coronavirus sarscov un vrai danger
253,Coronavirus : la Chine en quarantaine | ARTE Reportage,1300000,ARTE,144,129780,https://www.youtube.com/watch?v=OQD_-2KI244,1000000,15596,894,coronavirus la chine en quarantaine arte reportage
254,What Actually Happens If You Get Coronavirus?,8900000,AsapSCIENCE,720,519,https://www.youtube.com/watch?v=OTYfke545vI,9140000,350998,10011,actually happens get coronavirus
255,(2020.1-2020.3) Map Timelapse of the Coronavirus,1500000,WawamuStats,120,191,https://www.youtube.com/watch?v=6uu1MGyGjvI,234000,19351,795,map timelapse coronavirus
256,Yo traje el corona virus a mi país... 🦠,4000000,Luisito Comunica,720,603,https://www.youtube.com/watch?v=VFTvZjfylcI,30100000,232105,16583,yo traje el corona virus mi pa
257,"Subway Coronavirus Precautions, Dinosaur DNA & Twitter’s “Fleets” Feature | The Daily Show",1500000,The Daily Show with Trevor Noah,120,348,https://www.youtube.com/watch?v=XiFSBUF0TBI,6520000,37568,817,subway coronavirus precaution dinosaur dna twitter fleet feature daily show
258,Coronavirus Do’s And Don’ts: What You Need To Know To Protect Your Family | TODAY,960000,TODAY,168,259,https://www.youtube.com/watch?v=2UGgBGff8H8,1770000,10506,755,coronavirus do donts need know protect family today
259,"Coronavirus: Iran's legislator claims 50 deaths, local news agency reports",536000,Al Jazeera English,336,1188,https://www.youtube.com/watch?v=H1A4QsER1TI,4690000,4809,361,coronavirus iran legislator claim death local news agency report
260,¿Qué es el coronavirus?,1000000,El Mundo,720,117,https://www.youtube.com/watch?v=oZpVhLgLA8U,120000,12558,487,qu e el coronavirus
261,CORONAVIRUS AUS CHINA: In Deutschland steigen die Covid-19-Fälle schnell an,89000,WELT Nachrichtensender,96,93900,https://www.youtube.com/watch?v=pYgVXU7_F7U,407000,473,217,coronavirus au china deutschland steigen die covidflle schnell
262,Coronavirus: Why The US Is In Deep Trouble,697000,Peak Prosperity,48,122880,https://www.youtube.com/watch?v=3etuaYTDwFI,285000,22166,1048,coronavirus u deep trouble
263,¿Amenaza el coronavirus a América Latina?,822000,DW Español,720,110520,https://www.youtube.com/watch?v=ppFYydk8ZzY,672000,8163,1021,amenaza el coronavirus amrica latina
264,How Scientists Are Trying to Develop a Coronavirus Vaccine | WSJ,917000,Wall Street Journal,504,258,https://www.youtube.com/watch?v=7SuKywEZ5AM,2020000,13839,354,scientist trying develop coronavirus vaccine wsj
265,Trump Calls Coronavirus Fear The Dems' 'New Hoax' As More Cases Confirmed | The 11th Hour | MSNBC,676000,MSNBC,168,436,https://www.youtube.com/watch?v=bgbd9_jlALk,2420000,6762,1252,trump call coronavirus fear dems new hoax case confirmed th hour msnbc
266,Coronavirus: El terror llegó a Italia,136000,Telenoche,336,218,https://www.youtube.com/watch?v=Fq0NLegQDT4,519000,890,74,coronavirus el terror lleg italia
267,5 ways the Coronavirus (COVID-19) will soon impact you,186000,City Prepping,24,1009,https://www.youtube.com/watch?v=2lRxYEKQuew,309000,7192,250,way coronavirus covid soon impact
268,Coronavirus - Continúan evacuaciones,318000,DW Español,504,229,https://www.youtube.com/watch?v=hj6civiJniA,672000,3194,231,coronavirus continan evacuaciones
269,"Trump Rails Against A Democrat ""Hoax"" As Americans Brace For Coronavirus Disruptions",1100000,The Late Show with Stephen Colbert,168,236,https://www.youtube.com/watch?v=2lhrE-rk27I,7240000,17132,530,trump rail democrat hoax american brace coronavirus disruption
270,Coronavirus - Pandemic ? (A Doctor's PREDICTION),429000,Doctor Mike Hansen,504,698,https://www.youtube.com/watch?v=Rxm-4K6QP4A,61500,15489,608,coronavirus pandemic doctor prediction
271,Coronavirus | Las mentiras sobre el coronavirus,333000,Colombia.com,168,149,https://www.youtube.com/watch?v=YPqE8GerLcQ,51600,2345,387,coronavirus la mentiras sobre el coronavirus
272,El nuevo coronavirus de Wuhan: atrapados en el centro del virus,1100000,La Vanguardia,720,180,https://www.youtube.com/watch?v=N_KYcCWHg6Q,452000,12336,465,el nuevo coronavirus de wuhan atrapados en el centro del virus
273,WAPO: Trump Aide Calls Coronavirus Response 'Complete Chaos' | The 11th Hour | MSNBC,752000,MSNBC,168,376,https://www.youtube.com/watch?v=V46PbiMsJso,2420000,8313,1574,wapo trump aide call coronavirus response complete chaos th hour msnbc
274,Que es el coronavirus (Origen),4099999,Dr. Angelo Estrada,720,830,https://www.youtube.com/watch?v=b07gvHqI47Q,69000,54169,3005,que e el coronavirus origen
275,Wie sich das Coronavirus ausbreitet und die Welt erschüttert,376000,ZDFheute Nachrichten,120,158880,https://www.youtube.com/watch?v=TD0GLnwEWjE,72900,3000,1303,wie sich da coronavirus ausbreitet und die welt erschttert
276,"Is This How We Die? - Coronavirus, Continued | The Daily Show",1700000,The Daily Show with Trevor Noah,168,313,https://www.youtube.com/watch?v=qYMNOLsv8iU,6520000,35751,983,die coronavirus continued daily show
277,Coronavirus de Wuhan: repulsivas imágenes del mercado donde se originó el brote y la alerta mundial,6900000,CNN en Español,720,88800,https://www.youtube.com/watch?v=yyEbH4OYYIg,1470000,86904,4549,coronavirus de wuhan repulsivas imgenes del mercado donde se origin el brote la alerta mundial
278,China Blames America for the Coronavirus Outbreak,822000,China Uncensored,72,516,https://www.youtube.com/watch?v=fg7FwHteB0I,1050000,32992,1665,china blame america coronavirus outbreak
279,CORONAVIRUS IN DEUTSCHLAND: Die Furcht vor Covid-19-Ansteckung steigt rapide,203000,WELT Nachrichtensender,168,760,https://www.youtube.com/watch?v=GAdnfelBs7c,407000,1476,303,coronavirus deutschland die furcht vor covidansteckung steigt rapide
280,Coronavirus: ¿cerca de una pandemia global?,1000000,CNN en Español,336,1285,https://www.youtube.com/watch?v=ypYjbabaXOg,1470000,12589,667,coronavirus cerca de una pandemia global
281,CORONAVIRUS | Draw My Life,5000000,TikTak Draw,720,200,https://www.youtube.com/watch?v=KU_TpiJ-x7o,7830000,179458,5248,coronavirus draw life
282,Coronavirus: EE.UU. tiene que prepararse para lo peor según expertos en salud | Telemundo,2000000,Al Rojo Vivo,168,254,https://www.youtube.com/watch?v=rffMXNWwWhA,2570000,23893,1421,coronavirus eeuu tiene que prepararse para lo peor segn expertos en salud telemundo
283,The Truth About The Coronavirus,5300000,Doctor Mike,720,634,https://www.youtube.com/watch?v=LI90iqFqLXs,5200000,298625,3934,truth coronavirus
284,Coronavirus: ¿por qué es emergencia internacional?,881000,CNN en Español,720,1123,https://www.youtube.com/watch?v=wtwcw0pIG1Y,1470000,8075,539,coronavirus por qu e emergencia internacional
285,Coronavirus prevention: how to make your own hand sanitizer,192000,The Oregonian,144,88,https://www.youtube.com/watch?v=I8KjePawdL4,177000,2264,141,coronavirus prevention make hand sanitizer
286,Doctor Explains What You Need to Know About Coronavirus | WIRED,905000,WIRED,720,317,https://www.youtube.com/watch?v=aUy2DKZODgs,6080000,22184,1764,doctor explains need know coronavirus wired
287,Coronavirus Is A PANDEMIC....Technically,2300000,Doctor Mike,168,774,https://www.youtube.com/watch?v=Xl2nA_xuHjY,5200000,119999,1598,coronavirus pandemictechnically
288,Coronavirus: Captan a autoridades llevándose por la fuerza a contagiados en China | Telemundo,612000,Al Rojo Vivo,672,235,https://www.youtube.com/watch?v=iMXfmI7IALw,2570000,8578,372,coronavirus captan autoridades llevndose por la fuerza contagiados en china telemundo
289,Apple Co-Founder Thinks He May Be Coronavirus Patient Zero,587000,Inside Edition,144,125,https://www.youtube.com/watch?v=Nsz-JQVJAbw,7230000,7969,358,apple cofounder think may coronavirus patient zero
290,Coronavirus: La OMS lanza advertencia y dice que el mundo debe prepararse para una pandemia,308000,Noticias Telemundo,336,119,https://www.youtube.com/watch?v=SnSw_1pOiNE,2280000,2535,115,coronavirus la oms lanza advertencia dice que el mundo debe prepararse para una pandemia
291,Coronavirus: Mujer en Japón se contagia del coronavirus dos veces | Al Rojo Vivo | Telemundo,599000,Al Rojo Vivo,168,307,https://www.youtube.com/watch?v=Br2Vwh3UmMA,2570000,8028,312,coronavirus mujer en japn se contagia del coronavirus do veces al rojo vivo telemundo
292,"Coronavirus, ""lejos de ser controlado"" y aún no hay vacuna",593000,CNN en Español,504,1069,https://www.youtube.com/watch?v=k_g2o7vbJgY,1470000,6861,425,coronavirus lejos de ser controlado hay vacuna
293,Exclusive: HHS Sec. Azar gives coronavirus update on 'Fox News Sunday',317000,Fox News,168,654,https://www.youtube.com/watch?v=GvY_HXZplwQ,4440000,2981,707,exclusive hhs sec azar give coronavirus update fox news sunday
294,Crisis económica mundial por causa del Coronavirus comenzará pronto | Al Rojo Vivo | Telemundo,1000000,Al Rojo Vivo,336,331,https://www.youtube.com/watch?v=iuzynjh7aDo,2570000,13592,668,crisis econmica mundial por causa del coronavirus comenzar pronto al rojo vivo telemundo
295,CORONA VIRUS 😷💉 - Yofrangel (Official Video),1600000,Yofrangel,720,129,https://www.youtube.com/watch?v=uF3dg5seGLs,95000,43352,6143,corona virus yofrangel official video
296,Wall Street Panics After Trump Unveils Lackluster Coronavirus Response Plan,3000000,The Late Show with Stephen Colbert,168,595,https://www.youtube.com/watch?v=tvmX4a4UiyM,7240000,45328,1716,wall street panic trump unveils lackluster coronavirus response plan
297,CoronaVirus is More Deadly After Mutating,44000,Shrimp Zoo,72,512,https://www.youtube.com/watch?v=t9G0NlIDpys,18000,2309,81,coronavirus deadly mutating
298,China: coronavirus causa 80 muertes y 2800 infectados,577000,teleSUR tv,720,215,https://www.youtube.com/watch?v=CmXCTaMWYBg,945000,3457,279,china coronavirus causa muertes infectados
299,US Map Timelapse of the Coronavirus,55000,Zimbax,48,203,https://www.youtube.com/watch?v=6rdXSon3688,75000,1418,38,u map timelapse coronavirus
300,Coronavirus is just the start. Something far worse is coming.,388000,Earthling Ed,168,373,https://www.youtube.com/watch?v=gnQL-brI-9I,244000,24889,1108,coronavirus start something far worse coming
301,A Wuhan Resident Speaks Out On Coronavirus & City Lockdown | ASIAN BOSS,1400000,Asian Boss,720,1188,https://www.youtube.com/watch?v=uKOt_dB1xHU,2240000,31016,1483,wuhan resident speaks coronavirus city lockdown asian bos
302,Hidden Bitter thruth about corona virus Wuhan China real leaked live video footage part 39,131000,2020 Super Chanal,168,489,https://www.youtube.com/watch?v=Sn_ij8lRKnE,12900,1358,80,hidden bitter thruth corona virus wuhan china real leaked live video footage part
303,The CoronaVirus Conspiracy (Theory),338000,Upper Echelon Gamers,720,1169,https://www.youtube.com/watch?v=-fC0ewWE1OI,381000,12217,667,coronavirus conspiracy theory
304,"Coronavirus, studio italiano: ""Si è diffuso diverse settimane prima del paziente 1""",99000,Fanpage.it,120,119,https://www.youtube.com/watch?v=XVRTRmBYW7o,1970000,1036,63,coronavirus studio italiano si diffuso diverse settimane prima del paziente
305,CORONAVIRUS ES PEOR DE LO QUE SE PENSABA - Enfermera China Revela Que Su Gobierno Esconde la Verdad,1300000,Dr. Agustin Landivar,720,639,https://www.youtube.com/watch?v=2RxIilYBpCA,2860000,56492,1890,coronavirus e peor de lo que se pensaba enfermera china revela que su gobierno esconde la verdad
306,Steve Bannon: Pandemic! Coronavirus Is Out of Control In China,543000,Zooming In with Simone Gao,336,183720,https://www.youtube.com/watch?v=QlF0LcQO9Tg,71200,15658,969,steve bannon pandemic coronavirus control china
307,Dr. Peter Hotez Explains The Trajectory Of The Coronavirus In The U.S. | All In | MSNBC,274000,MSNBC,168,385,https://www.youtube.com/watch?v=6GsNUgC31FQ,2420000,2151,133,dr peter hotez explains trajectory coronavirus u msnbc
308,Outlook for coronavirus to spread in the US,265000,CNBC Television,336,482,https://www.youtube.com/watch?v=vL_ATCqmELI,430000,2331,340,outlook coronavirus spread u
309,[Coronavirus]Cat Ba Island Travel Regulation Heads Up,378,WalkWithMe,720,116,https://www.youtube.com/watch?v=jxCPV1kujoI,55,6,1,coronaviruscat ba island travel regulation head
310,Coronavirus Infections Outside Of China Are Growing Exponentially,330000,Peak Prosperity,336,127920,https://www.youtube.com/watch?v=FXelEi4tqAo,285000,12119,289,coronavirus infection outside china growing exponentially
311,What is Coronavirus? | Coronavirus Symptoms |  How it spread And How To Prevent or Avoid | study24x7,2100,Study 24x7,720,181,https://www.youtube.com/watch?v=TlutnQtpNj8,2770,28,0,coronavirus coronavirus symptom spread prevent avoid studyx
312,Coronavirus Pandemic: The Next Two Weeks Are Critical,373000,Peak Prosperity,336,93240,https://www.youtube.com/watch?v=gojy7ChZ8h8,285000,11527,333,coronavirus pandemic next two week critical
313,Coronavirus on Purdue’s Campus?!?,221,YourBoy Stormy,720,157,https://www.youtube.com/watch?v=Bctaqd-GwHw,613,19,3,coronavirus purdues campus
314,New Research Suggests The Coronavirus May Be Far Worse Than We Thought,616000,Peak Prosperity,720,99360,https://www.youtube.com/watch?v=Y4Ho96UKfYA,285000,21140,916,new research suggests coronavirus may far worse thought
315,#Coronavirus: What is it? What can we learn from Sunnah & Science?,169,The Humble Heart,720,637,https://www.youtube.com/watch?v=iWuR1EIOark,573,7,1,coronavirus learn sunnah science
316,Bill's Financial Lite-Bites: The Coronavirus,53,Shard Capital,720,160,https://www.youtube.com/watch?v=bw1WRbozxJE,51,1,1,bill financial litebites coronavirus
317,What triggered the coronavirus spread? - Dr. Charlesworth RB Chief Medical Officer,1500,Dettol,720,62,https://www.youtube.com/watch?v=ybPIZFNMkdc,11400,5,4,triggered coronavirus spread dr charlesworth rb chief medical officer
318,Ben Carson speaks on the coronavirus,13000,Raw Story,24,601,https://www.youtube.com/watch?v=slNH7WU1Iew,9350,10,9,ben carson speaks coronavirus
319,"#MOATS: This week we're talking Trump, Coronavirus and Labour Leadership",1000,George Galloway,720,100,https://www.youtube.com/watch?v=r2hfbVobE2k,70000,94,1,moat week talking trump coronavirus labour leadership
320,How worried should you be of the novel coronavirus?,132,Dr Vin Tran,720,56,https://www.youtube.com/watch?v=1g3uRFyKc2U,65,4,0,worried novel coronavirus
321,Coronavirus,1400,JOHN PETTIPAS,720,671,https://www.youtube.com/watch?v=vOcl20Oj7vY,314,24,2,coronavirus
322,The Coronavirus Pandemic Is A Crisis Now Obvious To All,248000,Peak Prosperity,168,129840,https://www.youtube.com/watch?v=9V9_IuKnEdU,285000,13136,146,coronavirus pandemic crisis obvious
323,NOVEL CORONAVIRUS(2019NCoV) Outbreak|Be Informed|Arcymae Vlogs,240,Arcymae Vlogs,720,189,https://www.youtube.com/watch?v=Z-yvCOE2akQ,1210,17,0,novel coronavirusncov outbreakbe informedarcymae vlogs
324,New Coronavirus Problem Should HORRIFY You,145000,The Young Turks,168,545,https://www.youtube.com/watch?v=ZQyg-6g1h6I,4660000,5909,233,new coronavirus problem horrify
325,"Let's talk about cats -🎯LIVE - Coronavirus, Clostridien, MRSA Keime",77,Angela Genovese - Katzen gesund füttern,48,137640,https://www.youtube.com/watch?v=CtC6KQMInyk,1080,7,0,let talk cat live coronavirus clostridien mrsa keime
326,"Coronavirus in S. Korea: 4 confirmed, 28 under testing, 155 discharged",63,NEWS CENTER,720,148,https://www.youtube.com/watch?v=jwRV5wop_H4,1810,2,0,coronavirus korea confirmed testing discharged
327,Korean airlines to suspend China flights due to coronavirus,92,NEWS CENTER,720,36,https://www.youtube.com/watch?v=3equSy_cMD4,1810,4,0,korean airline suspend china flight due coronavirus
328,"Coronavirus, Ruocco: ""L'Italia è pronta""",112,LumsaNewsTv,720,85,https://www.youtube.com/watch?v=MX3sK-TdCnY,669,1,0,coronavirus ruocco litalia pronta
329,"Coronavirus Symptoms, Infections, Prevention, and Treatment - China Corona Virus - Moeorr Channel",2300,Moeorr Channel,720,169,https://www.youtube.com/watch?v=FpIEeTjjYao,283,6,0,coronavirus symptom infection prevention treatment china corona virus moeorr channel
330,The Rewired Soul Click Baits The Coronavirus?,122,Journey 2 Find Kay,720,90000,https://www.youtube.com/watch?v=A1wJjeUw1DY,431,25,1,rewired soul click bait coronavirus
331,"The Coronavirus Outbreak | International Emergency | Wuhan, China | Tezpurbuzz",130,Tezpur Buzz,720,336,https://www.youtube.com/watch?v=nBp4Ka_tJec,557,18,0,coronavirus outbreak international emergency wuhan china tezpurbuzz
332,L'infodemia da coronavirus,386,ecodellarete,720,461,https://www.youtube.com/watch?v=LWAbewwPfF0,3160,21,0,linfodemia da coronavirus
333,coronavirus kya hai|कोरोना वायरस क्या है|What is Coronavirus,522,A STUDY 11,720,161,https://www.youtube.com/watch?v=ty6ZKRzGy7E,1350,39,16,coronavirus kya hai coronavirus
334,Attack of Coronavirus in China | How People Suffer from Coronavirus | Effect of Coronavirus,955,Sandeep Chourasiya,720,282,https://www.youtube.com/watch?v=ljed8RP_sjY,23300,24,5,attack coronavirus china people suffer coronavirus effect coronavirus
335,Coronavirus and market review (Oil Crash) by Dr Paul Cottrell,12000,Paul Cottrell,24,109320,https://www.youtube.com/watch?v=W33CRJaS3lo,31100,727,43,coronavirus market review oil crash dr paul cottrell
336,Puppies believed to be abandoned in China from fear of Coronavirus,2300,Click Heart TV,720,15,https://www.youtube.com/watch?v=RBqrbNUSg50,1530,3,0,puppy believed abandoned china fear coronavirus
337,Coronavirus Update with Stefan Molyneux! (HD),75000,Stefan Molyneux,24,4780,https://www.youtube.com/watch?v=zJ1t4xKksjs,925000,3446,144,coronavirus update stefan molyneux hd
338,Coronavirus: How prepared is India?,315,National Herald India,720,188,https://www.youtube.com/watch?v=Hk59AqFvKUY,3480,1,0,coronavirus prepared india
339,जानिये कोरोना वायरस के बारे में | Know More About Coronavirus | India Hot Topics | Anyflix,267,India Hot Topics,720,214,https://www.youtube.com/watch?v=038SlSi12QE,623,4,0,know coronavirus india hot topic anyflix
340,Lockdowns / Quarantines Coming!  Make Sure You’re Prepared: Coronavirus / COVID-19 Readiness,13000,Ethan Galstad,48,678,https://www.youtube.com/watch?v=XRzvrNJDlQA,11300,827,16,lockdown quarantine coming make sure youre prepared coronavirus covid readiness
341,Screaming Chinese Reporter in Wuhan #wuhan #coronavirus #letterfromwuhan,1400000,Koreana Jones,720,469,https://www.youtube.com/watch?v=5RsA0FUeRo0,54300,36953,1277,screaming chinese reporter wuhan wuhan coronavirus letterfromwuhan
342,Why So Little Information on Coronavirus?,127,Mom Folding Laundry,720,180,https://www.youtube.com/watch?v=N9cbnIcROeo,815,20,0,little information coronavirus
343,Coronavirus Fakten,785,Dirk Sieling,720,71,https://www.youtube.com/watch?v=MO678G50ez8,218,13,6,coronavirus fakten
344,Coronavirus MrStraight the real one,5500,MrStraight The Girls Dem HotPlate,720,68,https://www.youtube.com/watch?v=UyAM5SAA5xM,108,33,0,coronavirus mrstraight real one
345,Coronavirus,636,Birm,720,485,https://www.youtube.com/watch?v=PZbM2MyDl7o,908,9,0,coronavirus
346,TeamCooCoo - Wuhan Coronavirus│Novel Coronavirus Pneumonia,6700,TeamCooCoo - Age Restricted,720,61,https://www.youtube.com/watch?v=W4pnNY3wzWo,1410,754,64,teamcoocoo wuhan coronavirusnovel coronavirus pneumonia
347,Coronavirus:10 days of hospital building in 60 seconds,3500,World Video,720,61,https://www.youtube.com/watch?v=eti0apeEVu8,3,2,0,coronavirus day hospital building second
348,Coronavirus: What is Really Going on? | Top5s Documentary,234000,Top5s,72,1301,https://www.youtube.com/watch?v=Z_xDBs8B1Cw,3270000,9692,275,coronavirus really going top documentary
349,Asking people about the Coronavirus.,162,Kris Morton,720,364,https://www.youtube.com/watch?v=Ln7AFC6Cmtg,11,12,0,asking people coronavirus
350,"Coronavirus Update: 106,000 Cases, 188 in Netherlands, First Case in Vermont",85000,Styxhexenhammer666,48,598,https://www.youtube.com/watch?v=dtv__Wf3_VY,414000,5738,109,coronavirus update case netherlands first case vermont
351,US Coronavirus Patient DEAD WITHIN HOURS OF SYMPTOMS! The Update You Need To See!,8500,Jason Bermas,24,1427,https://www.youtube.com/watch?v=U6tdqsZecYQ,39400,873,55,u coronavirus patient dead within hour symptom update need see
352,Compilation of Leaked Coronavirus Footage. COVID 19 Wuhan China street videos and clips,1200,Tell Me More,24,140820,https://www.youtube.com/watch?v=_LFGKf1XV3E,946,31,4,compilation leaked coronavirus footage covid wuhan china street video clip
353,China Coronavirus RAW Video Compilation [pt2],83000,juuv,720,1022,https://www.youtube.com/watch?v=bw0S7mr0QsM,4490,1441,74,china coronavirus raw video compilation pt
354,Tomorrow We Live,3500,Inter-Pathé,52560,3769,https://www.youtube.com/watch?v=iyVxWGeWXC0,58500,9,3,tomorrow live
355,"Expert Warns Coronavirus ""Most Frightening Disease"" Ever Seen, Man TASED Fighting For Toilet Paper",136000,Timcast,48,1111,https://www.youtube.com/watch?v=mOedUmBp1XU,584000,8079,513,expert warns coronavirus frightening disease ever seen man tased fighting toilet paper
356,Korona Kielce - Lechia Gdańsk [2. połowa] sezon 2014/15 kolejka 30,68,EKSTRAKLASA OFFICIAL ARCHIVES,26280,199440,https://www.youtube.com/watch?v=3quVh51wl7s,22300,1,0,korona kielce lechia gdask poowa sezon kolejka
357,Starry Thing - 4 minutes,57,schuiprodtorso3,61320,253,https://www.youtube.com/watch?v=Z7FnDGJ1cO8,1,0,0,starry thing minute
358,Shelter In Place,1700,FilmRise Real,35040,179580,https://www.youtube.com/watch?v=_XCY_lQqaL4,41500,10,2,shelter place
359,Arizona - Full Drama Movie,8200,Viewster,35040,153060,https://www.youtube.com/watch?v=x7h4KOtWY-0,447000,8,12,arizona full drama movie
360,How To Avoid Getting Infected By The Coronavirus,401000,Peak Prosperity,72,144660,https://www.youtube.com/watch?v=4InhmRCIpow,285000,14376,416,avoid getting infected coronavirus
361,Coronavirus: Is the Puzzling Silence From Officials The Calm Before The Storm?,412000,Peak Prosperity,504,142440,https://www.youtube.com/watch?v=ReMCn4GsviM,285000,11960,346,coronavirus puzzling silence official calm storm
362,The CDC has REALLY dropped the ball... [Coronavirus 2nd Wave TRUTH],4100,The Right Media,48,500,https://www.youtube.com/watch?v=4jJTGdZiNdQ,45000,666,21,cdc really dropped ball coronavirus nd wave truth
363,Anonymous Urges World Leaders To Tell The Truth About Coronavirus,60000,Anonymous,120,487,https://www.youtube.com/watch?v=86fLmiAvTBU,47600,1773,36,anonymous urge world leader tell truth coronavirus
364,Coronavirus: Did the CCP Just Call The Coronavirus a Bio-Weapon? [Part 4],82000,Edge of Wonder,144,1423,https://www.youtube.com/watch?v=ta8Mm_6hRrg,410000,5547,124,coronavirus ccp call coronavirus bioweapon part
