,title,view,channel,uploadtime,length,link,subscriber,like,dislike
0,President Trump not taking responsibility for coronavirus testing issues,611K views,ABC News,4 hours ago,3:06,https://www.youtube.com/watch?v=pDwBxGOb1Zs,7.91M,"5,376","6,584"
1,Trump declares 'national emergency' for coronavirus,970K views,CNN,5 hours ago,10:40,https://www.youtube.com/watch?v=OtAQJjN1kcg,8.76M,"7,490","2,648"
2,Coronavirus special: Are we doing enough?,154K views,Channel 4 News,7 hours ago,45:14,https://www.youtube.com/watch?v=C98FmoZVbjs,1.16M,"1,954",214
3,"Coronavirus Impacts Tom Hanks, the NBA and Monkeys in Thailand | The Daily Show",1.2M views,The Daily Show with Trevor Noah,16 hours ago,6:24,https://www.youtube.com/watch?v=4IlwdyacDZg,6.59M,"30,672",817
4,"LIVE: Coronavirus death toll, infections and recoveries",306K views,South China Morning Post,Streamed 19 hours ago,8:03:20,https://www.youtube.com/watch?v=3NTREAc1jTo,936K,"1,620",159
5,Nearly 200 people die in Italy in last 24 hours from coronavirus,677K views,ABC News,1 day ago,4:14,https://www.youtube.com/watch?v=cZciLknWNsg,7.91M,"4,429",459
6,U.S. Ill Served By Trump's Repeated Lying About Coronavirus Response | Rachel Maddow | MSNBC,270K views,MSNBC,23 hours ago,2:47,https://www.youtube.com/watch?v=z77IdsapJqk,2.44M,"3,824","3,258"
7,ER Doctor Explains What To Do If You Start Showing Coronavirus Symptoms | All In | MSNBC,171K views,MSNBC,1 day ago,5:01,https://www.youtube.com/watch?v=unN8leCvHyM,2.44M,"1,649",209
8,State of emergency declared in New York City over coronavirus,1.5M views,ABC News,1 day ago,6:28,https://www.youtube.com/watch?v=T6bjC8R2pUw,7.91M,"14,780","1,205"
9,First Take reacts to Donovan Mitchell testing positive for coronavirus,2.2M views,ESPN,1 day ago,5:31,https://www.youtube.com/watch?v=33A8lbmSdPY,6.78M,"25,156","1,744"
10,Top health official on US response to coronavirus pandemic,258K views,ABC News,1 day ago,8:19,https://www.youtube.com/watch?v=9qZehXrLq6g,7.91M,"1,967",228
11,Rudy Gobert apologizes for exposing others to coronavirus | SportsCenter,413K views,ESPN,1 day ago,4:13,https://www.youtube.com/watch?v=Q2dss9pGShU,6.78M,"3,978",227
12,Coronavirus: Drastic measures in US & Europe as cases soar - BBC News,849K views,BBC News,1 day ago,31:12,https://www.youtube.com/watch?v=M53iJduvDSA,6.58M,"6,534",613
13,‘We’re dealing with a national emergency’: Sanders on coronavirus,57K views,ABC News,1 day ago,6:29,https://www.youtube.com/watch?v=G7GDNhC1VF0,7.91M,"1,164",222
14,"Coronavirus around the world: March 12, 2020",312K views,Global News,1 day ago,3:26,https://www.youtube.com/watch?v=cAJppuDz-Mg,1.24M,"1,539",132
15,"Trump outlines U.S. response to coronavirus outbreak, restricts travel from Europe | ABC News",1.2M views,ABC News,2 days ago,4:04,https://www.youtube.com/watch?v=qyVX-pu-ZDk,7.91M,"10,596","2,499"
16,Congress And Trump Admin. Scramble For Coronavirus Aid Deal As Pandemic Causes Panic | Nightly News,397K views,NBC News,1 day ago,10:58,https://www.youtube.com/watch?v=X7ERdQYlq8I,2M,"2,777",291
17,Let's talk about Coronavirus,2.2M views,Markiplier,1 day ago,7:10,https://www.youtube.com/watch?v=VwsGzkLu-j0,25.1M,"270,966","4,394"
18,Ingraham: Coronavirus pandemic spreads through US,319K views,Fox News,1 day ago,5:52,https://www.youtube.com/watch?v=ACLU0OxWisE,4.48M,"6,501",705
19,FULL SPEECH: President Trump address the nation on coronavirus (9 minutes),279K views,WPTV News | West Palm Beach Florida,2 days ago,9:31,https://www.youtube.com/watch?v=mii6NydPiqI,136K,"2,544",694
20,Mark Cuban reacts to NBA suspending season due to coronavirus | NBA on ESPN,300K views,ESPN,2 days ago,3:17,https://www.youtube.com/watch?v=b2-wU42KJ0c,6.78M,"2,999",79
21,Tom Hanks and Rita Wilson test positive for coronavirus,550K views,CNN,2 days ago,8:49,https://www.youtube.com/watch?v=Wbk8ZrfU3EM,8.76M,"5,380","1,092"
22,Tracing The Origin Of The Coronavirus | NBC News NOW,338K views,NBC News,2 days ago,5:28,https://www.youtube.com/watch?v=mNB8zN5CQGc,2M,"2,706",299
23,Coronavirus update: Wednesday 11 March | ITV News,326K views,ITV News,2 days ago,1:18,https://www.youtube.com/watch?v=0ovMBrJmbK8,440K,"2,182",239
24,"Tom Hanks, Rita Wilson Test Positive For Coronavirus | Rachel Maddow | MSNBC",319K views,MSNBC,2 days ago,1:11,https://www.youtube.com/watch?v=CCjBSvrT-SU,2.44M,"2,621",347
25,Trump suspends travel from Europe to battle coronavirus,560K views,Los Angeles Times,2 days ago,9:41,https://www.youtube.com/watch?v=KYVy_0yUSXM,276K,"7,954","1,417"
26,Mark Cuban Reacts To NBA Suspending Season Indefinitely Because Of Coronavirus,680K views,Bleacher Report,2 days ago,3:24,https://www.youtube.com/watch?v=HxaPga-WD1U,1.73M,"5,488",169
27,Anthony Fauci says novel coronavirus '10 times deadlier than the flu',536K views,ABC News,2 days ago,4:16,https://www.youtube.com/watch?v=dM74KiaksgM,7.91M,"3,861",466
28,Mark Cuban on coronavirus: This is much bigger than basketball | NBA on ESPN,375K views,ESPN,2 days ago,6:23,https://www.youtube.com/watch?v=vUB5DST4z-E,6.78M,"5,024",141
29,Trump Addresses The Nation On Coronavirus From Oval Office | NBC News (Live Stream Recording),1M views,NBC News,Streamed 2 days ago,17:25,https://www.youtube.com/watch?v=I09RkjLcFpU,2M,"6,549","2,695"
30,Coronavirus Test Shortage Raises Alarm As Washington State Bans Mass Gatherings | NBC Nightly News,352K views,NBC News,2 days ago,14:20,https://www.youtube.com/watch?v=JLZjUz9ZTn0,2M,"2,316",178
31,Trump proposes economic changes over coronavirus l ABC News,98K views,ABC News,2 days ago,8:41,https://www.youtube.com/watch?v=AOeHMFC8U1c,7.91M,491,238
32,Trump Announces Travel Restrictions From Europe Over Coronavirus | NBC News,37K views,NBC News,2 days ago,1:16,https://www.youtube.com/watch?v=9jLlwqWKSFs,2M,277,102
33,BREAKING: NBA suspends season after Rudy Gobert tests positive for coronavirus | CBS Sports HQ,425K views,CBS Sports,2 days ago,8:04,https://www.youtube.com/watch?v=WfOuA-Rq_4Y,241K,"3,193",205
34,"Donovan Mitchell second NBA player to test positive for coronavirus, per report | CBS Sports HQ",199K views,CBS Sports,1 day ago,7:32,https://www.youtube.com/watch?v=NQ638csGhI8,241K,"1,033",84
35,Pres. Trump discusses coronavirus outbreak while meeting with Ireland Prime Minister | ABC News,303K views,ABC News,1 day ago,3:47,https://www.youtube.com/watch?v=37tGRZgBz6g,7.91M,"2,376",753
36,Third person in UK dies from coronavirus as cases rise to 273 | ITV News,216K views,ITV News,5 days ago,2:51,https://www.youtube.com/watch?v=DmTcMya-3fI,440K,"1,071",212
37,NBA suspends season due to coronavirus | SportsCenter,596K views,ESPN,2 days ago,4:52,https://www.youtube.com/watch?v=zNWBz4GCiUo,6.78M,"6,652",236
38,Mike Breen Announces the NBA Suspended the Season Because of the Coronavirus,143K views,Bleacher Report,2 days ago,0:43,https://www.youtube.com/watch?v=Z9IfFHlTX-k,1.73M,"2,051",50
39,Coronavirus outbreak: Justin Trudeau addresses his wife's COVID-19 diagnosis | FULL,239K views,Global News,Streamed 11 hours ago,52:54,https://www.youtube.com/watch?v=SjEgtT98jqk,1.24M,"1,719",663
40,Bill de Blasio - Confronting the Coronavirus Outbreak in New York City | The Daily Show,1M views,The Daily Show with Trevor Noah,2 days ago,15:28,https://www.youtube.com/watch?v=aM2DZjsgAlA,6.59M,"15,351","2,403"
41,Trump Addresses the Nation on the Coronavirus Pandemic: A Closer Look,2.4M views,Late Night with Seth Meyers,1 day ago,16:36,https://www.youtube.com/watch?v=-SoZcjMWxm8,3.5M,"60,243","1,626"
42,Where Does The U.S. Response To Coronavirus Stand? | Morning Joe | MSNBC,501K views,MSNBC,4 days ago,15:44,https://www.youtube.com/watch?v=zzv1Srm9eVo,2.44M,"3,858",298
43,The NBA should be commended for its quick action on coronavirus - Rachel Nichols | SportsCenter,169K views,ESPN,2 days ago,4:47,https://www.youtube.com/watch?v=2cjv2lQZN34,6.78M,"2,037",157
44,Trump 'Not Concerned' About Contact With Brazilian Aide Exposed to Coronavirus,201K views,QuickTake by Bloomberg,1 day ago,1:10,https://www.youtube.com/watch?v=u1Dzg-jVxFE,178K,898,535
45,Coronavirus outbreak: Donald Trump declares national emergency over COVID-19 | FULL,485K views,Global News,Streamed 8 hours ago,1:12:36,https://www.youtube.com/watch?v=HMGHiI44-XY,1.24M,"3,930","1,202"
46,Infectious Disease Expert: Half Of America Is Likely To Catch Coronavirus | The 11th Hour | MSNBC,399K views,MSNBC,2 days ago,3:20,https://www.youtube.com/watch?v=7ajACc7ul4k,2.44M,"2,442",432
47,Coronavirus Is Our Future | Alanna Shaikh | TEDxSMU,2.8M views,TEDx Talks,2 days ago,16:46,https://www.youtube.com/watch?v=Fqw-9yMV0sI,23.5M,"88,772","5,582"
48,Trump Contradicts Experts as Coronavirus Is Declared a Pandemic: A Closer Look,2.4M views,Late Night with Seth Meyers,2 days ago,15:44,https://www.youtube.com/watch?v=7rMEA6KN_RU,3.5M,"36,513","1,801"
49,Coronavirus Crisis: Your Questions Answered | NBC News (Live Stream Recording),356K views,NBC News,Streamed 2 days ago,1:00:14,https://www.youtube.com/watch?v=YDmOEPI4-8Y,2M,"2,175",451
50,Coronavirus: Virus cases rise rapidly in Europe and US - BBC News,1.2M views,BBC News,2 days ago,8:30,https://www.youtube.com/watch?v=DoHOYCbmJoE,6.58M,"8,482",736
51,W.H.O declares coronavirus 'pandemic' - as UK sees highest daily rise in cases,814K views,Channel 4 News,2 days ago,13:55,https://www.youtube.com/watch?v=vFaC8hKovlQ,1.16M,"6,208",734
52,Coronavirus Misinformation & Toilet Paper Panic | The Daily Show,2.2M views,The Daily Show with Trevor Noah,2 days ago,6:12,https://www.youtube.com/watch?v=Ls0ZormAOhU,6.59M,"50,976","1,072"
53,"Global National: March 11, 2020 | WHO declares coronavirus a global pandemic",215K views,Global News,2 days ago,22:15,https://www.youtube.com/watch?v=XcARC2mrmcQ,1.24M,"1,089",118
54,Coronavirus: Should the UK quarantine like Italy? - BBC,466K views,BBC,2 days ago,7:00,https://www.youtube.com/watch?v=_zlwWDS-DCs,8.16M,"4,096",400
55,What China's Pollution Says About Coronavirus and the Economy | WSJ,353K views,Wall Street Journal,2 days ago,4:31,https://www.youtube.com/watch?v=cHSftdHskxs,2.03M,"5,930",254
56,The 5 Stages of Coronavirus,1.8M views,Jimmy Kimmel Live,2 days ago,11:37,https://www.youtube.com/watch?v=mD97kJVCOXM,16.4M,"29,705","1,778"
57,Coronavirus Causes Disruptions For U.S. Airlines | NBC Nightly News,91K views,NBC News,3 days ago,1:48,https://www.youtube.com/watch?v=xcGUv4thtHA,2M,326,35
58,Coronavirus Expert Dr. Fauci And CDC Head Dr. Redfield Testify Before House | NBC News (Live Stream),535K views,NBC News,Streamed 1 day ago,1:51:32,https://www.youtube.com/watch?v=h34z6hS52YM,2M,"3,908",520
59,Chris Hayes On How The U.S. Is On Italy's Coronavirus Trajectory | All In | MSNBC,311K views,MSNBC,2 days ago,6:34,https://www.youtube.com/watch?v=_-VxuZmEhV0,2.44M,"4,475",248
60,Novel Coronavirus explained l ABC News,417K views,ABC News,3 days ago,2:46,https://www.youtube.com/watch?v=CXOsVXybVJY,7.91M,"2,712",340
61,Washington state braces for thousands of potential coronavirus cases,137K views,CBS This Morning,2 days ago,2:48,https://www.youtube.com/watch?v=j6HSjsGVwrc,1.24M,602,152
62,"ABC News Prime: Coronavirus national emergency, life under quarantine, stock market",202K views,ABC News,Streamed 5 hours ago,1:00:33,https://www.youtube.com/watch?v=wDbyThHkctA,7.91M,"1,860",288
63,Italy on lockdown over coronavirus l ABC News,442K views,ABC News,2 days ago,6:19,https://www.youtube.com/watch?v=l5twUq9iPSE,7.91M,"2,743",218
64,Coronavirus Enters Devastating New Phase | Morning Joe | MSNBC,748K views,MSNBC,1 day ago,4:42,https://www.youtube.com/watch?v=vzOLgfU9ypQ,2.44M,"4,980","1,724"
65,Adam Schiff On Trump's Response To Coronavirus: 'Incompetence Kills' | The Last Word | MSNBC,412K views,MSNBC,2 days ago,1:01,https://www.youtube.com/watch?v=fMlbywEMj3U,2.44M,"3,013","8,262"
66,Coronavirus: Cruise ship Grand Princess docks in California - BBC News,315K views,BBC News,2 days ago,17:40,https://www.youtube.com/watch?v=7S-1QRRWj10,6.58M,"2,130",304
67,Trump: Coronavirus is a world problem and we need separation,384K views,Fox News,1 day ago,25:34,https://www.youtube.com/watch?v=O8qC6YLsg7g,4.48M,"7,170",417
68,"Trump says he will ""most likely"" get tested for coronavirus",1.7K views,CBS News,6 hours ago,1:04,https://www.youtube.com/watch?v=VNDTOtyPfDA,2.4M,392,161
69,Coronavirus outbreak: Countries react after COVID-19 declared a global pandemic,162K views,Global News,2 days ago,8:02,https://www.youtube.com/watch?v=fGuUh-BmnvI,1.24M,970,81
70,Coronavirus Explained: What does pandemic declaration mean for the world?,166K views,Channel 4 News,2 days ago,6:44,https://www.youtube.com/watch?v=XJV3X8zM1bU,1.16M,"1,688",151
71,Coronavirus: Italy in lockdown - BBC News,1M views,BBC News,3 days ago,18:20,https://www.youtube.com/watch?v=_69sOxWU0jo,6.58M,"6,662",478
72,"Coronavirus Is 10 Times More Lethal Than Seasonal Flu, Fauci Says",72K views,Bloomberg Markets and Finance,2 days ago,1:58,https://www.youtube.com/watch?v=2DekzGCJhJw,564K,853,56
73,Iran Played Down the Coronavirus. Then Its Officials Got Sick | NYT News,482K views,The New York Times,3 days ago,4:07,https://www.youtube.com/watch?v=lm2UFynetJw,2.55M,"6,053",334
74,Coronavirus is Not an Excuse to Be Racist | Full Frontal on TBS,288K views,Full Frontal with Samantha Bee,2 days ago,8:14,https://www.youtube.com/watch?v=Oq-06inhB3U,991K,"8,710","1,271"
75,Major lockdown in Italy from coronavirus,305K views,ABC News,5 days ago,2:00,https://www.youtube.com/watch?v=TlP6Tlj04T4,7.91M,"2,109",229
76,"Coronavirus around the world: March 11, 2020",71K views,Global News,2 days ago,4:10,https://www.youtube.com/watch?v=5XcC62KBC9c,1.24M,416,33
77,"Sen. Bernie Sanders on the Trump Administration's Coronavirus Missteps, Greed, Grandkids",246K views,The Tonight Show Starring Jimmy Fallon,2 days ago,5:25,https://www.youtube.com/watch?v=y2P5QbaJt_g,24.2M,"9,530",589
78,Corona Virus के बारे में जनता की जानकारी | Q&A | Coronavirus Disease | COVID 19 | Precautions | WHO,172K views,The Lallantop,6 days ago,4:37,https://www.youtube.com/watch?v=DoMTUTuDtGE,12M,"1,738",288
79,Merkel: Most people in Germany likely to contract Coronavirus | DW News,289K views,DW News,2 days ago,15:42,https://www.youtube.com/watch?v=6CGi41nB3tA,1.07M,"3,038",214
80,"Trump's coronavirus news conference, in 3 minutes",478K views,Washington Post,6 hours ago,3:14,https://www.youtube.com/watch?v=StLcOSSXDQw,1M,"3,049",904
81,Joe Biden Gives Speech On Coronavirus Pandemic | NBC News (Live Stream Recording),333K views,NBC News,Streamed 1 day ago,18:55,https://www.youtube.com/watch?v=kMxokey64pU,2M,"4,156","1,871"
82,"COVID-19 (Coronavirus Disease 19) - causes, symptoms, diagnosis, treatment, pathology",1.2M views,Osmosis,4 weeks ago,12:21,https://www.youtube.com/watch?v=eup3_i_5uaw,1.42M,"20,233",621
83,Coronavirus: Busting The Myths | This Morning,154K views,This Morning,3 days ago,7:23,https://www.youtube.com/watch?v=VRlO-LwKJVA,1.66M,"1,891",172
84,COVID-19: Tenth patient dies as UK coronavirus cases hit 590,286K views,Sky News,1 day ago,5:33,https://www.youtube.com/watch?v=1xpEt20PPbQ,1.89M,"2,280",195
85,Daily Life Is Changing For Millions Of Americans As Coronavirus Crisis Grows,2.7M views,The Late Show with Stephen Colbert,2 days ago,11:40,https://www.youtube.com/watch?v=lk0sQEhrY5U,7.26M,"38,010","1,273"
86,"Tom Hanks, Rita Wilson test positive for coronavirus",428K views,Fox News,2 days ago,3:07,https://www.youtube.com/watch?v=XKQhhpc1VFQ,4.48M,"5,437",367
87,Italy on nationwide lockdown as coronavirus cases surge,317K views,CBS News,3 days ago,6:05,https://www.youtube.com/watch?v=0Urov6W7h00,2.4M,"1,847",278
88,"Tom Hanks, Wife Rita Wilson Diagnosed With Coronavirus",12K views,CBS Los Angeles,1 day ago,2:32,https://www.youtube.com/watch?v=jHKGFLsir9A,419K,122,22
89,"Trump’s Coronavirus Address, Blooper Reel Included | The Daily Show",2.4M views,The Daily Show with Trevor Noah,1 day ago,9:23,https://www.youtube.com/watch?v=BWO6i8cH8SA,6.59M,"58,420","2,269"
90,Trump discusses economics surrounding coronavirus in press conference,526K views,Fox News,Streamed 4 days ago,43:20,https://www.youtube.com/watch?v=-IVcbzcY1Q8,4.48M,"8,783",871
91,CORONAVIRUS PANDEMIC EXPLAINED - CORONA OUTBREAK 2020,570K views,MEDSimplified,1 week ago,10:07,https://www.youtube.com/watch?v=sWjYs7aILZ8,273K,"8,742",527
92,CDC director testifies on delay of coronavirus test kits as concerns grow | Nightline,130K views,ABC News,2 days ago,8:25,https://www.youtube.com/watch?v=yGEaYaUg1T8,7.91M,"1,086",206
93,Coronavirus: 21 People On Grand Princess Test Positive For COVID-19 | TODAY,643K views,TODAY,6 days ago,10:45,https://www.youtube.com/watch?v=fbNhGf8_h-s,1.78M,"4,296",751
94,"Coronavirus Symptoms, Diagnosis, Treatment, & Vaccine Status",1.2M views,MedCram - Medical Lectures Explained CLEARLY,1 month ago,4:33,https://www.youtube.com/watch?v=UCG3xqtcL3c,596K,"11,867",548
95,Rudy Gobert mocked Coronavirus by touching all the mics,810K views,MLG Highlights,2 days ago,0:27,https://www.youtube.com/watch?v=lYC6oQIAzbI,447K,"3,233",715
96,Trump declares a national emergency over coronavirus,243K views,CBS News,8 hours ago,9:44,https://www.youtube.com/watch?v=JHW_Gqj1X9U,2.4M,"1,543",350
97,National Guard Deployed To Help Contain Coronavirus In NYC Suburb | TODAY,278K views,TODAY,2 days ago,10:01,https://www.youtube.com/watch?v=XjYOAt4PX-w,1.78M,"1,619",182
98,NBA Suspends Rest Of Season After Player Tests Positive For Coronavirus | Rachel Maddow | MSNBC,34K views,MSNBC,2 days ago,1:31,https://www.youtube.com/watch?v=G8_8J8Fzd0Y,2.44M,335,17
99,CNN polled Americans about coronavirus. Here's what they said,510K views,CNN,4 days ago,3:27,https://www.youtube.com/watch?v=4Vsjtvm4cyA,8.76M,"4,154",921
100,Novel coronavirus (2019-nCoV),2.4M views,World Health Organization (WHO),1 month ago,4:49,https://www.youtube.com/watch?v=mOV1aBVYKGA,201K,"12,221",661
101,Coronavirus in Hindi | Coronavirus Latest Update | Coronavirus Symptoms in Humans | Corona-Virus,800K views,Magnet Brains,2 weeks ago,16:31,https://www.youtube.com/watch?v=ECXJoqSvIys,141K,"16,692","1,050"
102,Fast moving developments in the coronavirus outbreak,723K views,ABC News,5 days ago,4:45,https://www.youtube.com/watch?v=ya3Pqasvyno,7.91M,"6,180",973
103,Everyone's a Coronavirus Expert,3.1M views,Jimmy Kimmel Live,2 days ago,8:47,https://www.youtube.com/watch?v=1LfQlYESTHg,16.4M,"58,801","5,123"
104,How Coronavirus Kills: Acute Respiratory Distress Syndrome (ARDS) & Treatment,2.4M views,MedCram - Medical Lectures Explained CLEARLY,1 month ago,11:05,https://www.youtube.com/watch?v=okg7uq_HrhQ,596K,"39,384","1,203"
105,Coronavirus survivor reveals what it's like to have Covid-19,3.8M views,Channel 4 News,3 days ago,8:11,https://www.youtube.com/watch?v=G9oqvJ3iXGI,1.16M,"48,939","2,936"
106,Coronavirus: Northern Italy quarantines 16 million people - BBC News,1.5M views,BBC News,5 days ago,6:14,https://www.youtube.com/watch?v=Lex_mt9o64o,6.58M,"12,974",797
107,Coronavirus: Italy extends strict measures to whole country – BBC News,1.7M views,BBC News,4 days ago,17:15,https://www.youtube.com/watch?v=Z2mw6aglRuM,6.58M,"11,920","1,122"
108,Ted Cruz will self-quarantine after interacting with individual with coronavirus at CPAC,1.1M views,CNN,5 days ago,6:32,https://www.youtube.com/watch?v=PbvVGko2LmI,8.76M,"8,997","1,979"
109,Coronavirus: what we know so far about the outbreak spreading in China and abroad,2.8M views,South China Morning Post,1 month ago,5:27,https://www.youtube.com/watch?v=Zru5REL9ANg,936K,"16,640","1,300"
110,‘I’m surprised we’re not moving sooner’ on coronavirus - Former UK Health Secretary Jeremy Hunt,640K views,Channel 4 News,1 day ago,10:40,https://www.youtube.com/watch?v=3rmMh2pLKAc,1.16M,"5,900",516
111,China coronavirus 'spreads before symptoms show' - BBC News,2.5M views,BBC News,1 month ago,4:02,https://www.youtube.com/watch?v=0jAWPcyPFQc,6.58M,"22,103","1,103"
112,Coronavirus lockdown in Italy as 16 million people quarantined,554K views,Channel 4 News,5 days ago,7:35,https://www.youtube.com/watch?v=jQsKe2n3bk4,1.16M,"3,759",292
113,Trump Addresses A Nation On Edge As Local Officials Lead On Coronavirus | The 11th Hour | MSNBC,160K views,MSNBC,2 days ago,6:47,https://www.youtube.com/watch?v=Sqn1Ab2DsDo,2.44M,"1,508",221
114,Coronavirus: Milan set for lockdown,551K views,Sky News,6 days ago,3:11,https://www.youtube.com/watch?v=Zh3YBVjDXfY,1.89M,"3,294",200
115,Coronavirus outbreak: Mother of sick daughter from virus-hit region pleads for help,4.3M views,Global News,1 month ago,3:44,https://www.youtube.com/watch?v=NytLE5ECa8M,1.24M,"29,183","1,960"
116,"Coronavirus Concerns Empty Planes, Leaving Airline Industry Reeling | TODAY",636K views,TODAY,2 days ago,3:55,https://www.youtube.com/watch?v=0xqGmEhEyW8,1.78M,"3,491",212
117,Coronavirus: Economic fallout intensifies with crashing oil prices | DW News,213K views,DW News,4 days ago,15:00,https://www.youtube.com/watch?v=UsrKbS78o8c,1.07M,"1,890",113
118,Trump declares National Emergency over coronavirus,1.4M views,Fox News,Streamed 8 hours ago,1:12:37,https://www.youtube.com/watch?v=G6HbxcCb-7g,4.48M,"18,734","1,480"
119,"Coronavirus ‘highly sensitive’ to warmer temperatures, Chinese study says",470K views,South China Morning Post,4 days ago,3:45,https://www.youtube.com/watch?v=GmrVSeoDnc4,936K,"4,742",249
120,Unprecedented restrictions in Italy over coronavirus outbreak,270K views,CNN,3 days ago,8:18,https://www.youtube.com/watch?v=v_vDjR5zBDk,8.76M,"1,978",302
121,"Coronavirus ‘worse than a bomb’ on Italy, says doctor coordinating response",1.7M views,Channel 4 News,3 days ago,10:54,https://www.youtube.com/watch?v=9mrPHO-nkVE,1.16M,"23,853",936
122,Coronavirus explained,304K views,CNET,2 weeks ago,6:03,https://www.youtube.com/watch?v=hZDX08RcPmg,2.54M,"3,915",384
123,"At least 12 dead, 188 infected in US as coronavirus continues to spread | Nightline",1.5M views,ABC News,6 days ago,8:02,https://www.youtube.com/watch?v=7hB13abLQkE,7.91M,"14,671","1,893"
124,Coronavirus: Italy puts millions under quarantine | DW News,583K views,DW News,5 days ago,9:31,https://www.youtube.com/watch?v=ii84tOLbrN4,1.07M,"4,570",342
125,BREAKING NEWS: NBA Season Suspended Due To Coronavirus | Rudy Gobert Tests Positive,72K views,Chat Sports,Streamed 1 day ago,16:48,https://www.youtube.com/watch?v=PzgxLybXjpE,161K,502,38
126,Sadhguru on Coronavirus Outbreak in China,2.5M views,Sadhguru,1 month ago,8:25,https://www.youtube.com/watch?v=mP-mCfo4-f8,4.46M,"55,651","3,241"
127,State of Emergency in New York with at least 76 coronavirus cases,476K views,ABC News,6 days ago,2:52,https://www.youtube.com/watch?v=b7aX6-NkWaM,7.91M,"3,492",591
128,Coronavirus fear and plunging oil price send stock markets reeling,218K views,ABC News,4 days ago,6:19,https://www.youtube.com/watch?v=NHH-T12Xt-c,7.91M,"1,966",358
129,New York reels with largest coronavirus outbreak in US | WNT,420K views,ABC News,4 days ago,3:57,https://www.youtube.com/watch?v=7JedXOgOPC8,7.91M,"2,875",278
130,Coronavirus crisis in US as more cases are reported l ABC News,665K views,ABC News,1 week ago,4:11,https://www.youtube.com/watch?v=Qow1al_afYQ,7.91M,"5,117",739
131,Dr. Fauci on coronavirus in the US: It's going to get worse,137K views,Fox News,2 days ago,3:22,https://www.youtube.com/watch?v=05_0zMCTXe0,4.48M,"1,362",260
132,Uni. Of Washington Doctors Update Efforts Against Coronavirus | NBC News (Live Stream Recording),232K views,NBC News,Streamed 1 day ago,45:40,https://www.youtube.com/watch?v=LUN_ehb8LfE,2M,"1,281",167
133,What happens to your body when you get coronavirus,1.5M views,The Telegraph,1 week ago,2:06,https://www.youtube.com/watch?v=2bI5pQGXl2o,940K,"14,973",814
134,What can we expect from Trump's national address on coronavirus pandemic?,31K views,Fox Business,2 days ago,6:41,https://www.youtube.com/watch?v=CbJaNNjcQBY,893K,499,37
135,NY governor: We're not going to stop coronavirus at this rate of testing,598K views,CNN,3 days ago,11:01,https://www.youtube.com/watch?v=5Y7qcAOpw8o,8.76M,"4,350","1,156"
136,Coronavirus Disrupts Daily Life As Trump Fails To Calm A Nation On Edge | The 11th Hour | MSNBC,369K views,MSNBC,1 day ago,6:20,https://www.youtube.com/watch?v=i0K4PIVe92I,2.44M,"4,048",449
137,Coronavirus: Cruise Ship Carrying People With Coronavirus Docks In California | NBC Nightly News,318K views,NBC News,4 days ago,13:34,https://www.youtube.com/watch?v=sku3zWvLXnM,2M,"1,217",136
138,Dallas Mavericks owner Mark Cuban reacts to NBA suspension over coronavirus,27K views,The Dallas Morning News,2 days ago,2:48,https://www.youtube.com/watch?v=H1XIAYt4Ea0,83.3K,239,12
139,Briton who contracted coronavirus in Wuhan explains symptoms,309K views,Guardian News,1 week ago,1:50,https://www.youtube.com/watch?v=PU2ut5Ark3Q,852K,"1,892",216
140,How to stop the spread of coronavirus,386K views,Guardian News,1 week ago,4:31,https://www.youtube.com/watch?v=3jpXAMwRSu4,852K,"1,887",131
141,Coronavirus Patient Explains The Worst Symptoms | NBC News,1.2M views,NBC News,1 week ago,3:18,https://www.youtube.com/watch?v=NLGX2L9JLa8,2M,"12,983",658
142,"Coronavirus: Second British death and more than 100,000 cases worldwide - BBC News",539K views,BBC News,1 week ago,16:17,https://www.youtube.com/watch?v=nETgZwRuJPU,6.58M,"4,354",334
143,21 on board stranded cruise ship test positive for coronavirus,361K views,ABC News,6 days ago,4:15,https://www.youtube.com/watch?v=d0r-2lGTqjQ,7.91M,"2,353",354
144,Hannity: Coronavirus doesn't discriminate based on political affiliation,84K views,Fox News,2 days ago,7:50,https://www.youtube.com/watch?v=laJ0dWc99Lc,4.48M,"2,278",349
145,What the U.S. should do to stop the coronavirus spread,103K views,CBS This Morning,4 days ago,4:22,https://www.youtube.com/watch?v=L3pgCQB6cA4,1.24M,606,132
146,What is the coronavirus?,8.4M views,Guardian News,1 month ago,3:41,https://www.youtube.com/watch?v=aerq4byr7ps,852K,"170,599","4,088"
147,How US communities are reacting to coronavirus,347K views,ABC News,1 week ago,5:42,https://www.youtube.com/watch?v=BiGWVklFFDw,7.91M,"2,938",437
148,Italy plans large-scale quarantine in response to coronavirus outbreak,926K views,Fox News,6 days ago,2:31,https://www.youtube.com/watch?v=6iQV02gi7fE,4.48M,"6,043",857
149,Is the Media Overreacting About Coronavirus? | Good Morning Britain,245K views,Good Morning Britain,4 days ago,11:06,https://www.youtube.com/watch?v=0A9Y4djRQcM,612K,"1,705",723
150,How coronavirus (Covid-19) spread day by day,614K views,Channel 4 News,1 month ago,11:47,https://www.youtube.com/watch?v=Zl0V-OhZYk4,1.16M,"5,397",789
151,Coronavirus: Answering 4 of the most 'Googled' questions | USA TODAY,241K views,USA TODAY,4 days ago,3:12,https://www.youtube.com/watch?v=jK5NVWfFBO8,1.37M,"1,384",355
152,China hotel collapses with quarantined coronavirus patients inside,794K views,ABC News,6 days ago,1:47,https://www.youtube.com/watch?v=0vbplrxtqKE,7.91M,"4,515",688
153,"Coronavirus Threat: To The Economy, And The Presidency | The Day That Was | MSNBC",270K views,MSNBC,5 days ago,5:55,https://www.youtube.com/watch?v=FdNJsy231Cs,2.44M,"3,066",220
154,Get the facts on coronavirus,2.8M views,CBC News,1 month ago,5:10,https://www.youtube.com/watch?v=kIL5m5XznNY,1.87M,"38,012","1,548"
155,"Coronavirus Epidemic Update 32: Important Data from South Korea, Can Zinc Help Prevent COVID-19?",557K views,MedCram - Medical Lectures Explained CLEARLY,1 week ago,19:58,https://www.youtube.com/watch?v=Eeh054-Hx1U,596K,"11,760",288
156,D.C. Mayor Updates On Coronavirus After First Positive Case | NBC News (Live Stream Recording),294K views,NBC News,Streamed 6 days ago,30:32,https://www.youtube.com/watch?v=Ebf0tY84j8U,2M,"1,235",309
157,CDC warns coronavirus outbreak will worsen,719K views,ABC News,2 weeks ago,4:25,https://www.youtube.com/watch?v=byU_N9iHBFY,7.91M,"6,608",474
158,Coronavirus outbreak: Canadian WHO doctor returns from China with critical COVID-19 lessons,500K views,Global News,1 week ago,11:47,https://www.youtube.com/watch?v=XUI6DIswmFk,1.24M,"5,212",501
159,Doctor Answers Commonly Googled Questions About Coronavirus,1.1M views,BuzzFeedVideo,5 days ago,8:13,https://www.youtube.com/watch?v=hHEBCk0SQA8,20M,"49,679","1,466"
160,"China Says Coronavirus Cases Rise to 70,548, Deaths Hit 1,770",1M views,Bloomberg Markets and Finance,3 weeks ago,6:44,https://www.youtube.com/watch?v=yWhYloc7164,564K,"4,489",702
161,"Journalist goes undercover at ""wet markets"", where the Coronavirus started | 60 Minutes Australia",4.7M views,60 Minutes Australia,5 days ago,27:31,https://www.youtube.com/watch?v=Y7nZ4mw4mXw,1.65M,"45,338","6,085"
162,"Coronavirus Questions, Answered: What Places Should You Avoid? | TODAY",127K views,TODAY,4 days ago,6:35,https://www.youtube.com/watch?v=cuWNnSK3z2c,1.78M,876,66
163,Growing Fears Over Response To Coronavirus As Number Of Confirmed Cases Soar | NBC Nightly News,1.7M views,NBC News,5 days ago,11:09,https://www.youtube.com/watch?v=GLsXcv5zouQ,2M,"12,476","2,234"
164,"Coronavirus: World must prepare for pandemic, says WHO - BBC News",1.9M views,BBC News,2 weeks ago,13:34,https://www.youtube.com/watch?v=UcxHL8LHI_A,6.58M,"18,017","1,535"
165,What we do (and don't) know about the coronavirus | David Heymann,338K views,TED,1 week ago,8:07,https://www.youtube.com/watch?v=f8c3TzQtD4k,16.3M,"6,620",264
166,Coronavirus expert: 'War is an appropriate analogy',2.2M views,Channel 4 News,1 week ago,19:53,https://www.youtube.com/watch?v=dcJDpV-igjs,1.16M,"26,831","1,733"
167,Coronavirus to infect 70% of humanity and become new seasonal disease: Expert,463K views,ARIRANG NEWS,2 weeks ago,2:24,https://www.youtube.com/watch?v=cHv0-oyowrk,279K,"3,382",387
168,Coronavirus: First children infected in Italy - BBC News,1M views,BBC News,2 weeks ago,7:50,https://www.youtube.com/watch?v=i0ShJruunDE,6.58M,"7,940",538
169,Coronavirus Outbreak - Transmission & Updates Explained,832K views,MedCram - Medical Lectures Explained CLEARLY,1 month ago,6:36,https://www.youtube.com/watch?v=9vMXSkKLg2I,596K,"10,512",439
170,Coronavirus: Das wissen wir über Covid-19 | Quarks Extra,318K views,Quarks,6 days ago,17:21,https://www.youtube.com/watch?v=WReBrwIllao,352K,"6,134",393
171,Patient with coronavirus speaks out,1.6M views,CBC News,1 month ago,10:30,https://www.youtube.com/watch?v=TAafDOqfN3M,1.87M,"16,224","1,917"
172,"At least 234 people have been diagnosed with coronavirus in US, according to CDC | ABC News",773K views,ABC News,6 days ago,4:21,https://www.youtube.com/watch?v=jK7NJEvw7Wc,7.91M,"5,542",576
173,Coronavirus death toll climbs in US l ABC News,543K views,ABC News,1 week ago,2:46,https://www.youtube.com/watch?v=8uybFoGCzOo,7.91M,"4,505",678
174,Italy hit hard by coronavirus outbreak,283K views,CBS News,2 weeks ago,4:31,https://www.youtube.com/watch?v=qga88FlhUQY,2.4M,"1,714",137
175,The Virus: An in-depth look at the coronavirus crisis | ABC News,123K views,ABC News (Australia),1 week ago,15:16,https://www.youtube.com/watch?v=qgfbfEbsp3I,930K,644,140
176,What Is Coronavirus?,1.5M views,QuickTake by Bloomberg,1 month ago,2:17,https://www.youtube.com/watch?v=qO8QWq1K1_c,178K,"22,140",960
177,Worried about the coronavirus? See this patient's advice,774K views,CNN,6 days ago,5:08,https://www.youtube.com/watch?v=_O0IbLsZ3wA,8.76M,"5,532",956
178,China Is Censoring Coronavirus Stories. These Citizens Are Fighting Back. | NYT News,1.5M views,The New York Times,2 weeks ago,4:09,https://www.youtube.com/watch?v=m5fsidSOJMw,2.55M,"27,557","1,594"
179,Gottlieb: There will be a rapid acceleration of coronavirus cases in US,189K views,CNBC Television,4 days ago,8:00,https://www.youtube.com/watch?v=xEwlFcYAMf8,445K,"1,912",150
180,Coronavirus: How could it be stopped? – BBC Newsnight,1.1M views,BBC Newsnight,1 month ago,11:54,https://www.youtube.com/watch?v=o9lVJ6IlE4k,521K,"11,125","1,038"
181,Bats For Sale at Indonesia Market Despite Coronavirus Warning,1.2M views,VOA News,3 weeks ago,3:02,https://www.youtube.com/watch?v=B_-rbv0tp2k,849K,"3,635","4,556"
182,China coronavirus deaths and cases spike - BBC News,1.2M views,BBC News,1 month ago,6:16,https://www.youtube.com/watch?v=RHl8Lh67bnY,6.58M,"8,892",852
183,New York City Mayor de Blasio Gives Coronavirus Update | NBC News (Live Stream Recording),213K views,NBC News,Streamed 5 days ago,1:31:44,https://www.youtube.com/watch?v=_3Mn-mJdHUo,2M,"1,578",506
184,"Coronavirus: Italy infections jump 50 per cent in 24 hours - as global death toll pass 3,000",824K views,Channel 4 News,1 week ago,23:44,https://www.youtube.com/watch?v=jR7XCdSmtf4,1.16M,"5,514",594
185,SE Cupp: This is why we're panicked about coronavirus,487K views,CNN,6 days ago,7:55,https://www.youtube.com/watch?v=s_ypH6Bk-oY,8.76M,"5,752","2,907"
186,Doctor shares CDC's latest coronavirus warnings,546K views,CBS This Morning,6 days ago,4:40,https://www.youtube.com/watch?v=0WeSAuoYsOQ,1.24M,"5,814",480
187,Coronavirus: Senior Chinese officials 'removed' as death toll rises- BBC News,2M views,BBC News,4 weeks ago,7:50,https://www.youtube.com/watch?v=cEKXaxiBiw4,6.58M,"12,258","1,091"
188,Coronavirus outbreak panic spreads globally,886K views,CBS This Morning,1 week ago,5:45,https://www.youtube.com/watch?v=nMjWwvmvrJI,1.24M,"7,077",824
189,Coronavirus: South Korea has seen its confirmed cases spike - BBC News,1.4M views,BBC News,3 weeks ago,12:15,https://www.youtube.com/watch?v=qviEp0Tz6uQ,6.58M,"10,541",760
190,The coronavirus conspiracy: is there a cover-up in China?,519K views,Channel 4 News,2 weeks ago,7:53,https://www.youtube.com/watch?v=rM0S5sc50jA,1.16M,"5,299",675
191,"Jazz Center Rudy Gobert tests positive for coronavirus, NBA season suspended indefinitely",64K views,FOX 13 News Utah,2 days ago,4:22,https://www.youtube.com/watch?v=w8nrMrMD7kQ,26.9K,431,25
192,Coronavirus kills 6 in Washington state,797K views,CNN,1 week ago,10:32,https://www.youtube.com/watch?v=CEFo5skGRSI,8.76M,"5,879","1,010"
193,Cell Biologist on Coronavirus: The Way It Is Spreading Is a Concern,169K views,Bloomberg Markets and Finance,1 week ago,4:39,https://www.youtube.com/watch?v=OVYORxKXh3g,564K,"1,588",253
194,Trump Keeps Lying About the Coronavirus Outbreak: A Closer Look,2.9M views,Late Night with Seth Meyers,1 week ago,9:22,https://www.youtube.com/watch?v=JiqFnKXf3do,3.5M,"40,426","3,144"
195,Trump Has Yet To Declare A National Emergency Over Coronavirus | The 11th Hour | MSNBC,212K views,MSNBC,2 days ago,1:20,https://www.youtube.com/watch?v=SYMsjvPRu1g,2.44M,970,"2,129"
196,CDC Investigating Possible Coronavirus Outbreak After 1st US Death Reported | Sunday TODAY,352K views,TODAY,1 week ago,3:53,https://www.youtube.com/watch?v=Dp-vcNZMLuY,1.78M,"2,381",306
197,Coronavirus: Everything You NEED To Know - BBC,205K views,BBC,4 days ago,6:28,https://www.youtube.com/watch?v=5pIOZhUB4Bk,8.16M,"2,058",173
198,"Global National: March 5, 2020 | Coronavirus cases continue to rise in Canada and around the world",241K views,Global News,1 week ago,21:12,https://www.youtube.com/watch?v=ueA2d_TjTVU,1.24M,"1,265",155
199,Italy struggles to contain new coronavirus outbreak l ABC News,466K views,ABC News,2 weeks ago,3:42,https://www.youtube.com/watch?v=nRnf-mHBrF8,7.91M,"3,740",247
200,The Ingraham Angle Coronavirus Cold Open - SNL,4.2M views,Saturday Night Live,5 days ago,9:21,https://www.youtube.com/watch?v=XezLiezWN0E,9.92M,"56,160","4,853"
201,First Brit to Contract Coronavirus Reveals His Experience | This Morning,407K views,This Morning,1 week ago,9:44,https://www.youtube.com/watch?v=QAPKveL6x2E,1.66M,"3,368",275
202,New Cases Of Coronavirus Across U.S. Causes Criticism Of Trump's Response To Grow | NBC Nightly News,772K views,NBC News,1 week ago,16:03,https://www.youtube.com/watch?v=ODNtD86cRso,2M,"4,922",666
203,This Couple is Fighting the Coronavirus Side by Side in Wuhan,898K views,QuickTake by Bloomberg,1 week ago,2:19,https://www.youtube.com/watch?v=n0y63uG02sY,178K,"11,414",537
204,State Of Emergency In Los Angeles County Over Coronavirus Outbreak | NBC Nightly News,2.2M views,NBC News,1 week ago,8:35,https://www.youtube.com/watch?v=FYpl_5cWWfU,2M,"16,564","2,163"
205,ÚLTIMA HORA: OMS declara pandemia mundial por coronavirus,390K views,MILENIO,2 days ago,12:01,https://www.youtube.com/watch?v=N90VwuOc3QY,1.82M,"3,080",340
206,Coronavirus en Latinoamérica y España | Qué acciones tomar,453K views,Platzi,1 week ago,26:08,https://www.youtube.com/watch?v=Ww7wQBE5j60,659K,"13,489","1,244"
207,Coronavirus: Iran's deputy health minister tests positive as outbreak worsens - BBC News,2.2M views,BBC News,2 weeks ago,13:49,https://www.youtube.com/watch?v=VS0cRj3a0Qk,6.58M,"20,259","1,189"
208,Coronavirus v Influenza: How do the two viruses compare? - BBC News,307K views,BBC News,1 week ago,4:32,https://www.youtube.com/watch?v=3AgxeIVrH24,6.58M,"2,751",278
209,Global effort to contain the coronavirus,1.3M views,ABC News,1 month ago,4:03,https://www.youtube.com/watch?v=kkSmm7NdHn0,7.91M,"12,607",713
210,Iran MP dies from coronavirus as total toll spikes,230K views,Al Jazeera English,6 days ago,3:09,https://www.youtube.com/watch?v=C7aAs28KPEE,4.71M,"1,715",111
211,Coronavirus: 55 people exposed to disease in Australia | Nine News Australia,713K views,Nine News Australia,1 week ago,9:02,https://www.youtube.com/watch?v=mHcwX2yiLkU,288K,"4,224",719
212,"Coronavirus: Cómo se vive en la ""zona cero"" del Covid-19 en Italia",1.3M views,T13,1 week ago,5:55,https://www.youtube.com/watch?v=66LqsOBQvYE,817K,"7,617",782
213,Coronavirus: Mujer dominicana diagnosticada con el virus se escapa del hospital | Telemundo,185K views,Al Rojo Vivo,4 days ago,2:29,https://www.youtube.com/watch?v=8-iVrK10Wm4,2.61M,"2,610",138
214,Coronavirus explained: Where it came from and how to stop it | DW News,670K views,DW News,1 month ago,3:22,https://www.youtube.com/watch?v=AYlzyQnSGD8,1.07M,"4,533",425
215,Scientist Speaks Out About Coronavirus Origin: Exclusive | NBC Nightly News,688K views,NBC News,2 weeks ago,2:44,https://www.youtube.com/watch?v=9g47wD55Nl8,2M,"5,691",628
216,¿China ya superó la emergencia por el nuevo coronavirus?,534K views,EL TIEMPO,4 days ago,1:50,https://www.youtube.com/watch?v=HAYyqZVhb2A,465K,"4,853",356
217,Coronavirus: How afraid should we be? | Question Time - BBC,202K views,BBC,1 week ago,29:35,https://www.youtube.com/watch?v=dCZaeLDDeBo,8.16M,"1,553",329
218,Coronavirus: New global outbreaks emerge - BBC News,1.9M views,BBC News,2 weeks ago,11:37,https://www.youtube.com/watch?v=HL3TpRQ-oa4,6.58M,"17,946","1,608"
219,Just how contagious is the coronavirus?,335K views,CNBC Television,4 weeks ago,5:44,https://www.youtube.com/watch?v=iSbZ9EkZpyg,445K,"2,454",328
220,Everything you need to know about coronavirus COVID-19 | 7.30,475K views,ABC News (Australia),Streamed 1 week ago,28:49,https://www.youtube.com/watch?v=TV20ucwKGmg,930K,"2,703",387
221,Coronavirus: Todo Italia está en cuarentena y el que lo viole podría pasar 3 meses en prisión,485K views,Al Rojo Vivo,3 days ago,4:23,https://www.youtube.com/watch?v=KZDzjtIYFGA,2.61M,"6,699",256
222,Coronavirus: Last Week Tonight with John Oliver (HBO),11M views,LastWeekTonight,1 week ago,20:10,https://www.youtube.com/watch?v=c09m5f7Gnic,7.68M,"263,903","10,369"
223,Coronavirus now spreading faster outside of China - amid pandemic fears,746K views,Channel 4 News,2 weeks ago,17:03,https://www.youtube.com/watch?v=04oPyYIj8is,1.16M,"5,016",721
224,Trump attempts to ease coronavirus fears during press conference,1.3M views,Fox News,Streamed 2 weeks ago,54:34,https://www.youtube.com/watch?v=VdpxKcflza4,4.48M,"20,093","4,568"
225,Coronavirus: un médecin contaminé témoigne,831K views,BFMTV,1 week ago,2:53,https://www.youtube.com/watch?v=DaUNp1NWSzQ,629K,"9,896",650
226,Why New Coronavirus (COVID-2019) Could Be Deadlier Pandemic Than SARS,837K views,The Infographics Show,1 month ago,7:59,https://www.youtube.com/watch?v=YF84jzrTPq4,7.46M,"20,854","1,354"
227,¿Cuáles son los síntomas y efectos del coronavirus?,1M views,EL TIEMPO,1 week ago,6:09,https://www.youtube.com/watch?v=qTxtJr5gqAE,465K,"10,040",815
228,Coronavirus questions answered,1.5M views,CBC News: The National,1 month ago,6:00,https://www.youtube.com/watch?v=QnSbyoXnyRo,665K,"13,309","1,140"
229,Coronavirus: El virus cuenta con 3 fases y produce daños en todos los órganos | Telemundo,1.2M views,Al Rojo Vivo,3 days ago,8:53,https://www.youtube.com/watch?v=TxNwYce6WoM,2.61M,"18,137","1,204"
230,Chris Hayes: Trump Is Trying To BS His Way Through The Coronavirus Outbreak | All In | MSNBC,1M views,MSNBC,1 week ago,11:16,https://www.youtube.com/watch?v=Ow5bhEi6EdY,2.44M,"19,377","2,224"
231,Coronavirus Cold Open - SNL,7.2M views,Saturday Night Live,1 week ago,8:34,https://www.youtube.com/watch?v=H4qvO0StKto,9.92M,"82,114","6,657"
232,Coronavirus: Worst-hit countries boost containment efforts - BBC News,723K views,BBC News,2 weeks ago,9:53,https://www.youtube.com/watch?v=LBXhjlxLnhQ,6.58M,"5,282",564
233,Chinese scientists says COVID-19/coronavirus could have originated from government ...,3.5M views,ARIRANG NEWS,3 weeks ago,2:01,https://www.youtube.com/watch?v=ZC0gww2yznI,279K,"13,351","1,494"
234,¿Qué es el Coronavirus? Causas y origen,935K views,Top Doctors LATAM,3 weeks ago,4:53,https://www.youtube.com/watch?v=HSGbs0GwJUM,54.3K,"10,836",721
235,El coronavirus chino explicado por un virólogo,3.2M views,UBUinvestiga,1 month ago,15:45,https://www.youtube.com/watch?v=AhJpNEfIFYo,25.8K,"36,353","3,614"
236,Coronavirus Explained: What happens next? - BBC News,391K views,BBC News,1 week ago,9:59,https://www.youtube.com/watch?v=Mj81jKkQMOg,6.58M,"3,781","1,134"
237,Coronavirus death toll rises in U.S.,343K views,CBS Evening News,1 week ago,3:30,https://www.youtube.com/watch?v=235_Li3_3oM,696K,"2,731",432
238,"American teacher documents life in Wuhan, center of coronavirus | USA TODAY",921K views,USA TODAY,1 month ago,3:14,https://www.youtube.com/watch?v=7cLmOibP49o,1.37M,"9,794",956
239,Doctor Explains How To Avoid Coronavirus | TODAY,230K views,TODAY,1 week ago,2:41,https://www.youtube.com/watch?v=fduo__o4AVY,1.78M,"2,126",91
240,Coronavirus | Zondag met Lubach (S11),1.3M views,vpro zondag met lubach,1 week ago,14:21,https://www.youtube.com/watch?v=O1YZ7XZSPvE,607K,"29,916",882
241,Esto es lo que va a pasar con el coronavirus según los expertos,732K views,El Mundo,1 week ago,2:12,https://www.youtube.com/watch?v=US2eN3xbu_I,125K,"6,514",485
242,Coronavirus: 6 buenas noticias sobre el nuevo virus covid-19  | BBC Mundo,2.4M views,BBC News Mundo,2 days ago,4:28,https://www.youtube.com/watch?v=TBuHqj-S9F4,965K,"78,738","3,725"
243,La radical cuarentena con la que China está derrotando al coronavirus Covid-19,1.4M views,El Confidencial,1 week ago,6:26,https://www.youtube.com/watch?v=2tTQLj-S7j4,135K,"14,122",942
244,CORONAVIRUS - What They're Not Telling Us,373K views,Wranglerstar,1 week ago,7:30,https://www.youtube.com/watch?v=OdPgcIcc_5g,1.47M,"14,622","1,193"
245,What It's Actually Like To Have The Coronavirus (COVID-19),2.3M views,The Infographics Show,3 weeks ago,10:42,https://www.youtube.com/watch?v=BvArUcf-1V4,7.46M,"60,293","13,790"
246,Coronavirus declared a global health emergency,644K views,CNN,1 month ago,9:13,https://www.youtube.com/watch?v=eHBOJtFK9V0,8.76M,"5,781",710
247,Coronavirus & Me: Ben Kavanagh’s journey - from quarantine in Wuhan to Wirral,1.3M views,Channel 4 News,1 month ago,21:53,https://www.youtube.com/watch?v=Y-GB9EYqAGM,1.16M,"26,393",926
248,Whistleblower shares concerns over US workers' potential exposure to coronavirus,813K views,CNN,2 weeks ago,6:08,https://www.youtube.com/watch?v=c2IPUSwHXGo,8.76M,"6,551","3,968"
249,Coronavirus Hits America - Is This How We Die? | The Daily Show,2.6M views,The Daily Show with Trevor Noah,1 week ago,6:19,https://www.youtube.com/watch?v=z39RgxoiXPE,6.59M,"59,387","1,652"
250,Over 100 Coronavirus Cases Confirmed In US; More Deaths In Washington State | TODAY,691K views,TODAY,1 week ago,3:02,https://www.youtube.com/watch?v=YE6alcjmUfs,1.78M,"6,477",722
251,Coronavirus death toll rises in Washington state,224K views,CBS News,1 week ago,2:33,https://www.youtube.com/watch?v=yoY267caxWc,2.4M,"1,769",135
252,Trump Doubts Coronavirus Science,1M views,Jimmy Kimmel Live,1 week ago,7:42,https://www.youtube.com/watch?v=IiUCja0a8kc,16.4M,"17,002","1,078"
253,Trump Is Not Telling The Truth About The Coronavirus | The 11th Hour | MSNBC,345K views,MSNBC,1 week ago,5:37,https://www.youtube.com/watch?v=HbVjOmDAILg,2.44M,"2,873","2,282"
254,"En Italia, 133 muertes en un solo día por el coronavirus y 16 millones en cuarentena",493K views,euronews (en español),5 days ago,2:02,https://www.youtube.com/watch?v=NoJokMSltho,606K,"5,276",254
255,Coronavirus : Michel Cymes explique SIMPLEMENT tout ce que vous devez savoir | Konbini,438K views,Konbini,3 days ago,5:09,https://www.youtube.com/watch?v=-UXkXBtvFmU,943K,"13,521",536
256,What Actually Happens If You Get Coronavirus?,9.6M views,AsapSCIENCE,1 month ago,8:39,https://www.youtube.com/watch?v=OTYfke545vI,9.16M,"375,108","10,693"
257,"Coronavirus: W.H.O expert explains mortality rate & threat to kids, after trip to Wuhan",673K views,Channel 4 News,1 week ago,13:31,https://www.youtube.com/watch?v=Q2_FkyY3BOM,1.16M,"6,525",852
258,Coronavirus Explained: What is coronavirus? - BBC News,284K views,BBC News,1 week ago,5:04,https://www.youtube.com/watch?v=6wDEuVl1TZo,6.58M,"2,232",215
259,Coronavirus: El terror llegó a Italia,144K views,Telenoche,2 weeks ago,3:38,https://www.youtube.com/watch?v=Fq0NLegQDT4,521K,917,80
260,First coronavirus death in US confirmed,843K views,CNN,1 week ago,5:20,https://www.youtube.com/watch?v=Ppu11hAhcao,8.76M,"7,802","1,801"
261,Coronavirus in Deutschland - Pure Hysterie oder ernstzunehmende Gefahr? | ProSieben Spezial,1.4M views,Galileo,1 week ago,15:57,https://www.youtube.com/watch?v=XD6MO6pgmN8,2.89M,"22,498","2,004"
262,Coronavirus: Revelan las 3 fases del virus que ataca a cada persona de manera diferente | Telemundo,1.9M views,Al Rojo Vivo,1 week ago,4:27,https://www.youtube.com/watch?v=mKnMfu6XU4s,2.61M,"26,507","1,606"
263,Coronavirus Quarantine Survivor Keeps Coughing on TV,2.7M views,Inside Edition,2 weeks ago,2:36,https://www.youtube.com/watch?v=z5PXh4U8CJs,7.24M,"38,878","1,757"
264,Coronavirus : la Chine en quarantaine | ARTE Reportage,1.6M views,ARTE,1 week ago,36:03,https://www.youtube.com/watch?v=OQD_-2KI244,1.01M,"17,570","1,041"
265,Trump Fears The Coronavirus Crisis Will Spoil His Reelection Campaign,3.1M views,The Late Show with Stephen Colbert,2 weeks ago,10:32,https://www.youtube.com/watch?v=R-Gnari_sTU,7.26M,"38,551","1,678"
266,"Le Coronavirus (SARS-CoV-2), un vrai danger ?",1.5M views,Dr Nozman,1 week ago,10:29,https://www.youtube.com/watch?v=P_5x1wYcpkc,3.54M,"157,364","1,308"
267,China को मिल गयी Coronavirus की Medicine ?  | Tez Special Report,1.4M views,Tez,1 week ago,14:06,https://www.youtube.com/watch?v=ZsaO43pN7rA,4.01M,"17,509","2,201"
268,Esto ha dejado el coronavirus desde su descubrimiento I En Cifras,157K views,EL TIEMPO,2 weeks ago,3:01,https://www.youtube.com/watch?v=6BaWdE6j48Y,465K,"1,868",170
269,How Scientists Are Trying to Develop a Coronavirus Vaccine | WSJ,1M views,Wall Street Journal,1 month ago,4:18,https://www.youtube.com/watch?v=7SuKywEZ5AM,2.03M,"16,111",413
270,"Is This How We Die? - Coronavirus, Continued | The Daily Show",1.8M views,The Daily Show with Trevor Noah,2 weeks ago,5:13,https://www.youtube.com/watch?v=qYMNOLsv8iU,6.59M,"35,945",991
271,Que es el coronavirus (Origen),5.3M views,Dr. Angelo Estrada,1 month ago,13:50,https://www.youtube.com/watch?v=b07gvHqI47Q,82.1K,"74,636","4,413"
272,He tested positive for coronavirus.  Hear how he feels now,400K views,CNN,1 week ago,6:21,https://www.youtube.com/watch?v=nORRqnxPDcQ,8.76M,"3,848",434
273,Coronavirus de Wuhan: repulsivas imágenes del mercado donde se originó el brote y la alerta mundial,7.2M views,CNN en Español,1 month ago,24:40,https://www.youtube.com/watch?v=yyEbH4OYYIg,1.49M,"89,153","4,804"
274,Filtran audio que revela la verdad del Coronavirus,339K views,Badabun,2 days ago,7:38,https://www.youtube.com/watch?v=BmbJjrdQwCI,42.7M,"13,695","1,821"
275,Neil deGrasse Tyson On Coronavirus: Will People Listen To Science?,3.1M views,The Late Show with Stephen Colbert,6 days ago,10:55,https://www.youtube.com/watch?v=jB4FUHHMI24,7.26M,"58,265","2,894"
276,Coronavirus Contained: How Taiwan Beat China,530K views,China Uncensored,2 days ago,11:01,https://www.youtube.com/watch?v=DFxmiV2_OHs,1.06M,"28,029",800
277,The Truth About The Coronavirus,5.4M views,Doctor Mike,1 month ago,10:34,https://www.youtube.com/watch?v=LI90iqFqLXs,5.24M,"300,424","3,968"
278,Coronavirus: Toilet paper argument turns violent | Nine News Australia,223K views,Nine News Australia,6 days ago,3:58,https://www.youtube.com/watch?v=0zSmycYlyHc,288K,"1,260",176
279,Coronavirus Is A PANDEMIC....Technically,2.4M views,Doctor Mike,1 week ago,12:54,https://www.youtube.com/watch?v=Xl2nA_xuHjY,5.24M,"124,488","1,649"
280,Coronavirus: Warum hamstern die Deutschen Nudeln und KLOPAPIER? | heute-show vom 06.03.2020,1.6M views,ZDF heute-show,1 week ago,9:35,https://www.youtube.com/watch?v=5O-sfct4lRI,820K,"46,299","2,181"
281,Doctor Fact-Checks Media On Coronavirus,2.8M views,Doctor Mike,5 days ago,9:37,https://www.youtube.com/watch?v=5CRxyHU9Oxo,5.24M,"185,055","2,705"
282,Coronavirus Outbreak in China 10 Times Bigger Than Reported?,661K views,Zooming In with Simone Gao,4 weeks ago,40:18,https://www.youtube.com/watch?v=5-nv7j9HEgY,73.6K,"15,921",752
283,Coronavirus: Mujer en Japón se contagia del coronavirus dos veces | Al Rojo Vivo | Telemundo,603K views,Al Rojo Vivo,2 weeks ago,5:07,https://www.youtube.com/watch?v=Br2Vwh3UmMA,2.61M,"8,047",312
284,"Taliban Deal, Coronavirus Update & The Pope's Thoughts on Trolling | The Daily Show: Global Edition",1.6M views,The Daily Show with Trevor Noah,5 days ago,22:51,https://www.youtube.com/watch?v=7i0_wRKkXrE,6.59M,"23,458",798
285,Wie sich das Coronavirus ausbreitet und die Welt erschüttert,509K views,ZDFheute Nachrichten,1 week ago,44:08,https://www.youtube.com/watch?v=TD0GLnwEWjE,78.3K,"3,669","1,506"
286,Special Report: Trump holds news conference on coronavirus pandemic,2.4M views,NBC News,Streamed 8 hours ago,2:16:48,https://www.youtube.com/watch?v=q_WM_pMp0Hg,2M,"17,532","7,367"
287,"How does Coronavirus compare to Ebola, SARS, etc?",3.5M views,Abacaba,1 month ago,10:03,https://www.youtube.com/watch?v=6dDD2tHWWnU,91K,"82,546","3,460"
288,Fareed's Take: How the populist right exploits coronavirus,85K views,CNN,5 days ago,4:07,https://www.youtube.com/watch?v=GEcVFUXPbMI,8.76M,"1,124",443
289,China. Trip to Infected Zone. What's Fake and Truth about Coronavirus // How People Live(2020),1.8M views,The People,2 weeks ago,31:36,https://www.youtube.com/watch?v=A1yXTlvTB08,69.9K,"33,022","2,485"
290,Coronavirus: The Race to Respond,480K views,CBS This Morning,1 week ago,32:39,https://www.youtube.com/watch?v=tYpyNRmEvfI,1.24M,"2,316",353
291,Exclusive: HHS Sec. Azar gives coronavirus update on 'Fox News Sunday',318K views,Fox News,1 week ago,10:54,https://www.youtube.com/watch?v=GvY_HXZplwQ,4.48M,"2,980",708
292,"CORONAVIRUS: PELIGROS, MENTIRAS Y VERDADES (reflexiones de un médico de familia) 🔴",245K views,Alberto Sanagustín,Streamed 6 days ago,25:00,https://www.youtube.com/watch?v=xxHZR7ZbeSg,266K,"5,349",515
293,Coronavirus in Deutschland - Wie groß ist die Gefahr? | ZDF spezial vom 28.02.2020,767K views,ZDFheute Nachrichten,Streamed 2 weeks ago,36:08,https://www.youtube.com/watch?v=muXiQ20yfUk,78.3K,"4,677",596
294,"Neil Degrasse Tyson Explains Coronavirus, Debunks Human Brain Theory + Season 3 of The Cosmos",757K views,SWAY'S UNIVERSE,1 week ago,23:38,https://www.youtube.com/watch?v=8v3hKO6Jm2w,2.19M,"15,389",838
295,Quarantined coronavirus patient says family has been receiving death threats,356K views,Fox News,1 week ago,3:48,https://www.youtube.com/watch?v=sunC9bSRCzQ,4.48M,"5,984",475
296,Johns Hopkins Experts Brief Capitol Hill on Coronavirus (COVID-19),367K views,Johns Hopkins University,Streamed 1 week ago,1:29:08,https://www.youtube.com/watch?v=Pnk8DuAly9Y,22.7K,"2,898",303
297,Steve Bannon: Pandemic! Coronavirus Is Out of Control In China,549K views,Zooming In with Simone Gao,2 weeks ago,51:02,https://www.youtube.com/watch?v=QlF0LcQO9Tg,73.6K,"15,753",977
298,China Blames America for the Coronavirus Outbreak,906K views,China Uncensored,1 week ago,8:36,https://www.youtube.com/watch?v=fg7FwHteB0I,1.06M,"34,888","1,933"
299,The CoronaVirus Conspiracy (Theory),414K views,Upper Echelon Gamers,1 month ago,19:29,https://www.youtube.com/watch?v=-fC0ewWE1OI,382K,"13,689",811
300,Epidemiologist predicts effects of coronavirus in the months ahead,1.4M views,CBS Evening News,1 week ago,6:20,https://www.youtube.com/watch?v=iDelUkpFm60,696K,"14,221","1,194"
301,"Full Fauci: For Coronavirus And Crowds, 'If You're A Vulnerable Person, Take It Seriously'",218K views,NBC News,5 days ago,7:51,https://www.youtube.com/watch?v=KvhvZS1rUCQ,2M,"1,992",170
302,CORONAVIRUS ES PEOR DE LO QUE SE PENSABA - Enfermera China Revela Que Su Gobierno Esconde la Verdad,1.4M views,Dr. Agustin Landivar,1 month ago,10:39,https://www.youtube.com/watch?v=2RxIilYBpCA,2.89M,"58,389","1,942"
303,"The W.H.O. (Finally!) Declares Coronavirus A ""Pandemic""",392K views,Peak Prosperity,2 days ago,40:53,https://www.youtube.com/watch?v=t4N09qsMdPQ,298K,"14,068",283
304,Coronavirus expert says he has second thoughts about flying,298K views,CNN,21 hours ago,9:34,https://www.youtube.com/watch?v=63M9ZQd2B7M,8.76M,"5,985",645
305,"Tim Hentschel, CEO of HotelPlanner on Cheddar about Coronavirus",9.8K views,HotelPlanner Today,1 month ago,6:10,https://www.youtube.com/watch?v=kJG-cHFI_MM,1.6K,2,1
306,CORONAVIRUS,205 views,Moving Science,1 month ago,0:42,https://www.youtube.com/watch?v=A1L7lb_KFWA,7,6,0
307,Pandemic declared as coronavirus reaches over 100 countries l ABC News,108K views,ABC News,2 days ago,5:49,https://www.youtube.com/watch?v=V-Tk0919M5o,7.91M,"1,192",79
308,The Novel Coronavirus - A Practical Guide,92 views,iChongqing,1 month ago,10:59,https://www.youtube.com/watch?v=C7f4X5Dsyqg,570,3,0
309,TravelCard CEO Peter Klemt on the Novel Coronavirus and its impact on travel insurance,565 views,NIBATV,1 month ago,4:31,https://www.youtube.com/watch?v=lYhZnlJNMD4,159,0,1
310,Talk about Coronavirus in Chinese | Life Update | Chilling Chinese,841 views,Chilling Chinese,1 month ago,6:19,https://www.youtube.com/watch?v=ZgwLiynf5go,3.25K,78,1
311,"Elizabeth Warren Bows Out Gracefully, While Trump Spreads Dangerous Coronavirus Misinformation",2.6M views,The Late Show with Stephen Colbert,1 week ago,13:02,https://www.youtube.com/watch?v=hfksbuyrqkQ,7.26M,"36,110","2,594"
312,Coronavirus,49 views,Rockfort Markets Ltd,1 month ago,3:09,https://www.youtube.com/watch?v=7CY8QHhP7Qg,11,1,0
313,5 ways the Coronavirus (COVID-19) will soon impact you,253K views,City Prepping,5 days ago,16:49,https://www.youtube.com/watch?v=2lRxYEKQuew,313K,"9,231",313
314,Coronavirus: Why The US Is In Deep Trouble,733K views,Peak Prosperity,6 days ago,34:08,https://www.youtube.com/watch?v=3etuaYTDwFI,298K,"22,584","1,096"
315,Novel Coronavirus -  Practising Good Hygiene,132 views,thebgis,1 month ago,0:38,https://www.youtube.com/watch?v=FruYi70uD3E,2.19K,1,0
316,What triggered the coronavirus spread? - Dr. Charlesworth RB Chief Medical Officer,1.9K views,Dettol,1 month ago,1:02,https://www.youtube.com/watch?v=ybPIZFNMkdc,11.5K,6,4
317,Watch again: Boris Johnson makes coronavirus announcement after COBRA meeting,458K views,The Telegraph,Streamed 1 day ago,45:51,https://www.youtube.com/watch?v=A0chs7bVQ8Y,940K,"3,442","1,971"
318,Coronavirus,1.4K views,JOHN PETTIPAS,1 month ago,11:11,https://www.youtube.com/watch?v=vOcl20Oj7vY,314,24,2
319,What is Coronavirus? | Coronavirus Symptoms |  How it spread And How To Prevent or Avoid | study24x7,3.1K views,Study 24x7,1 month ago,3:01,https://www.youtube.com/watch?v=TlutnQtpNj8,2.77K,30,0
320,New Research Suggests The Coronavirus May Be Far Worse Than We Thought,617K views,Peak Prosperity,1 month ago,27:36,https://www.youtube.com/watch?v=Y4Ho96UKfYA,298K,"21,149",921
321,Coronavirus Crisis. Possible  Impact On The Economy And Markets,442 views,Daniel Lacalle,1 month ago,2:07,https://www.youtube.com/watch?v=INt1Zzhh3iU,3.14K,17,0
322,Lou Dobbs grills Azar in heated debate over coronavirus transparency,168K views,Fox Business,1 week ago,10:50,https://www.youtube.com/watch?v=UK-ChOVjTKY,893K,"3,338",628
323,What is CoronaVirus?,307 views,Wildlife X Team International,1 month ago,6:27,https://www.youtube.com/watch?v=efDgX5rWE44,2.54K,7,3
324,Italians Share Information About The Coronavirus Lockdown - AskReddit,115K views,Radio TTS,2 days ago,17:04,https://www.youtube.com/watch?v=5HR5XgPMyTw,392K,"3,669",61
325,AOC Says Coronavirus Causing Racism; Hurting Chinese Restaurants,268K views,The Daily Wire,2 days ago,5:58,https://www.youtube.com/watch?v=rZS6kzrZqMY,1.85M,"11,494",191
326,How worried should you be of the novel coronavirus?,163 views,Dr Vin Tran,1 month ago,0:56,https://www.youtube.com/watch?v=1g3uRFyKc2U,66,4,0
327,The Coronavirus Is Swiftly Breaching Defenses Across The World,437K views,Peak Prosperity,2 weeks ago,34:09,https://www.youtube.com/watch?v=GuBB3GNGQIk,298K,"16,611",332
328,"Coronavirus in S. Korea: 4 confirmed, 28 under testing, 155 discharged",63 views,NEWS CENTER,1 month ago,2:28,https://www.youtube.com/watch?v=jwRV5wop_H4,1.89K,2,0
329,Korean airlines to suspend China flights due to coronavirus,133 views,NEWS CENTER,1 month ago,0:36,https://www.youtube.com/watch?v=3equSy_cMD4,1.89K,5,0
330,The Coronavirus Is Serious | Group Chat News,219 views,Group Chat News,1 month ago,1:00:34,https://www.youtube.com/watch?v=g4bYxFgTKBs,963,3,0
331,The Rewired Soul Click Baits The Coronavirus?,122 views,Journey 2 Find Kay,1 month ago,25:00,https://www.youtube.com/watch?v=A1wJjeUw1DY,432,25,1
332,LBLV China revises coronavirus cases counting 2020/13/02,319 views,LBLV Eng,1 month ago,3:36,https://www.youtube.com/watch?v=nw-g69YvG8E,533,22,0
333,"Coronavirus Symptoms, Infections, Prevention, and Treatment - China Corona Virus - Moeorr Channel",2.3K views,Moeorr Channel,1 month ago,2:49,https://www.youtube.com/watch?v=FpIEeTjjYao,295,6,0
334,Novel Coronavirus (2019-nCoV) Health Advice for Travellers (26-1-2020),547 views,Ministry of Health and Sports Myanmar,1 month ago,0:44,https://www.youtube.com/watch?v=fQkkJkWtsgE,764,2,0
335,"Let's talk about cats -🎯LIVE - Coronavirus, Clostridien, MRSA Keime",103 views,Angela Genovese - Katzen gesund füttern,Streamed 6 days ago,38:14,https://www.youtube.com/watch?v=CtC6KQMInyk,1.09K,8,0
336,c o r o n a v i r u s 😷,644K views,Paul Joseph Watson,2 days ago,10:20,https://www.youtube.com/watch?v=iqhJmsZC_a4,1.79M,"71,478","1,670"
337,How to prevent coronavirus malayalam | coronavirus prevention tips malayalam | ill health,282 views,ILL HEALTH,1 month ago,3:26,https://www.youtube.com/watch?v=kGERdoMd7lg,129,15,1
338,"Coronavirus coverage: KING 5 News at 10 p.m. on Wednesday, March 11",11K views,KING 5,1 day ago,10:48,https://www.youtube.com/watch?v=9PHgGqnGzyc,82K,126,4
339,Fight the Virus - Alvin Oon - PARODYABOUT CORONAVIRUS,2.1K views,Helena Brígido,1 month ago,3:08,https://www.youtube.com/watch?v=eK4PzLzG9Ic,1.07K,,
340,Coronavirus Explained,675 views,sunmv,1 month ago,2:01,https://www.youtube.com/watch?v=lXQ8wz3ALmc,1.35K,6,0
341,Leftist Coronavirus Lies DEBUNKED | Louder with Crowder,821K views,StevenCrowder,4 days ago,19:28,https://www.youtube.com/watch?v=zKJgvqoveKU,4.39M,"44,176","2,355"
342,Down with the Coronavirus,591 views,Globvids,1 month ago,0:29,https://www.youtube.com/watch?v=1rK-XlguqJU,1.4K,40,2
343,जानिये कोरोना वायरस के बारे में | Know More About Coronavirus | India Hot Topics | Anyflix,267 views,India Hot Topics,1 month ago,3:34,https://www.youtube.com/watch?v=038SlSi12QE,628,4,0
344,COVID 19 OVERWHELMS HOSPITALS IN ITALY: Doctors Refusing Patients During Coronavirus Lockdown,51K views,Glenn Beck,2 days ago,13:19,https://www.youtube.com/watch?v=330sJze0QzE,312K,"1,895",43
345,LO QUE NADIE TE QUIERE DECIR SOBRE EL CORONAVIRUS. (FaraonLoveShady).,500 views,DREW,1 month ago,13:24,https://www.youtube.com/watch?v=7PfqmSTVg10,403,40,6
346,Coronavirus update china & Japan || Corona virus Diamond Prince cruise ||  Adeel Danish & Vlogs ||,397 views,Adeel Danish & Vlogs,1 month ago,4:06,https://www.youtube.com/watch?v=FOjgRttMybY,3.32K,8,1
347,Why So Little Information on Coronavirus?,127 views,Mom Folding Laundry,1 month ago,3:00,https://www.youtube.com/watch?v=N9cbnIcROeo,833,20,0
348,What you need to know about coronavirus,517 views,Medical Academic,1 month ago,1:44,https://www.youtube.com/watch?v=axuDRycHPCg,7,6,0
349,Coronavirus Fakten,785 views,Dirk Sieling,1 month ago,1:11,https://www.youtube.com/watch?v=MO678G50ez8,220,13,6
350,Corona Virus Outbreak News,319 views,PRECIOSA GLAMOROSA,1 month ago,3:52,https://www.youtube.com/watch?v=uPJIE07meF8,299,11,0
351,Cure finally found for the Coronavirus?,15K views,youseeIkick,1 month ago,0:31,https://www.youtube.com/watch?v=HJVrM8BgTmI,168,182,9
352,Coronavirus: What is Really Going on? | Top5s Documentary,314K views,Top5s,6 days ago,21:41,https://www.youtube.com/watch?v=Z_xDBs8B1Cw,3.28M,"11,848",329
353,Coronavirus update news 13/02/20    (21),101 views,CORONAVIRUS UPDATE,1 month ago,0:15,https://www.youtube.com/watch?v=ZF4kU05VIqI,14,1,0
354,Asking people about the Coronavirus.,162 views,Kris Morton,1 month ago,6:04,https://www.youtube.com/watch?v=Ln7AFC6Cmtg,12,12,0
355,Coronavirus Update with Stefan Molyneux! (HD),83K views,Stefan Molyneux,5 days ago,1:19:40,https://www.youtube.com/watch?v=zJ1t4xKksjs,925K,"3,603",148
356,Three Hopeful Treatments for Coronavirus - One Treatment Shows Results within Hours,899 views,james hoft,1 month ago,1:40,https://www.youtube.com/watch?v=fpPwDGp1hVo,11K,30,0
357,"Coronavirus Update: 102000 Cases, Bhutan, Colombia, Peru Cases, Coronavirus song!",90K views,Styxhexenhammer666,6 days ago,7:51,https://www.youtube.com/watch?v=j6gqGSDN3l0,415K,"6,330",90
358,"Stores in The US Are Getting Shelves Raided Over Coronavirus Fears, Medicine Shortages Starting",99K views,Timcast,2 weeks ago,12:17,https://www.youtube.com/watch?v=XjLmDYlkgPA,585K,"6,593",311
359,How To Avoid Getting Infected By The Coronavirus,412K views,Peak Prosperity,1 week ago,40:11,https://www.youtube.com/watch?v=4InhmRCIpow,298K,"14,481",417
360,Simpsons and the Corona virus,288 views,flatearthrandy,1 month ago,2:02,https://www.youtube.com/watch?v=jCeMcJxp_9A,1.05K,20,1
